timestamp,distance,vx,vy,vz,x,y
24.097978591918945,177.50774630984418,40.28665604761905,15.461675047619048,-4.076100000000045,214,3
24.118292570114136,177.50774630984418,41.0243299676016,15.744788007612353,-4.093699999999629,214,3
24.138429880142212,172.80335644888382,37.23629170334144,16.962381893338357,-4.127800000000574,218,11
24.1586856842041,172.80335644888382,37.566880983333625,17.113976133334774,-4.1454000000001585,218,11
24.179258584976196,170.01764614298128,36.24730223331486,17.689885220468376,-4.179499999999102,219,15
24.199864864349365,170.01764614298128,36.55992223334301,17.844066500482256,-4.197100000000686,219,15
24.220267295837402,170.01764614298128,36.853003483331634,17.988611450476647,-4.213600000000046,219,15
24.24083399772644,168.1071087134628,36.06062620331747,18.582788593326377,-4.23119999999963,220,18
24.261399030685425,168.1071087134628,36.34153060334064,18.729788593338498,-5.46840000000066,220,18
24.28201150894165,164.02743672934722,34.39793304904832,18.886588593334793,-5.4876000000002065,220,23
24.302561044692993,164.02743672934722,34.67682120904173,19.043388593331084,-5.506799999999753,220,23
24.323121070861816,159.0125781188394,32.24929120905523,19.636330077625356,-5.544000000000782,221,30
24.343318939208984,159.0125781188394,32.48524120904607,19.785815127619554,-5.544000000000782,221,30
24.363721132278442,159.0125781188394,32.736921209040126,19.945265847615783,-5.58119999999963,221,30
24.384088277816772,159.0125781188394,33.22455120905363,20.25420161762434,-5.600399999999176,221,30
24.40441060066223,155.08062419270823,31.510194066190966,20.41365233762057,-5.61840000000066,221,35
24.424846410751343,155.08062419270823,31.743694066185444,20.573103057616798,-5.656799999999754,221,35
24.445348501205444,155.08062419270823,32.01785714285714,20.882038827625355,-5.674799999999054,221,35
24.46554708480835,150.33296378372907,29.469897142857143,21.321507799048025,-5.694000000000782,222,42
24.48592472076416,150.33296378372907,29.469897142857143,21.48364155904419,-5.73119999999963,222,42
24.50618577003479,145.7737973711325,27.120177142857145,22.094003063338754,-5.750399999999177,223,49
24.526305198669434,145.7737973711325,27.120177142857145,22.258852503334854,-5.7684000000006606,223,49
24.546523094177246,140.71602609511115,24.956937142857143,22.423701943330958,-5.806799999999754,223,56
24.566940546035767,140.71602609511115,24.956937142857143,22.57824829332496,-5.824799999999055,223,56
24.587224006652832,136.517398158623,23.24224,22.897644083333805,-5.844000000000783,223,62
24.607654571533203,136.517398158623,23.24224,23.062493523329906,-5.88119999999963,223,62
24.62793493270874,136.517398158623,23.24224,23.22734296332601,-5.900399999999177,223,62
24.648595094680786,131.79529581893277,21.39412,23.546738753334857,-5.918400000000661,223,69
24.669060707092285,131.79529581893277,21.39412,23.711588193330957,-7.159999999999677,223,69
24.68921685218811,128.06248474865697,19.69888,24.163208536182005,-7.179499999998921,224,76
24.709331512451172,128.06248474865697,19.69888,24.487929816190995,-7.200300000000794,224,76
24.72959041595459,124.03628501370073,17.933577142857143,24.956372673329824,-7.240599999999546,225,84
24.750108003616333,124.03628501370073,17.933577142857143,25.126752673325793,-7.261399999999053,225,84
24.770357131958008,120.95040305844375,16.526337142857145,25.556662857142857,-6.079400000000536,226,91
24.79052209854126,120.95040305844375,16.526337142857145,25.556662857142857,-6.1177999999996295,226,91
24.8107271194458,120.95040305844375,16.526337142857145,25.556662857142857,-6.13579999999893,226,91
24.83096218109131,117.72000679578642,15.05932,25.86196,-6.155000000000658,227,99
24.851109504699707,117.72000679578642,15.05932,25.86196,-6.172999999999959,227,99
24.87146782875061,115.83177456984762,14.047857142857143,26.170925714285712,-6.192199999999506,228,105
24.891700744628906,115.83177456984762,14.047857142857143,26.170925714285712,-7.432500000000623,228,105
24.91217565536499,115.83177456984762,14.047857142857143,26.170925714285712,-7.45330000000013,228,105
24.932779788970947,115.83177456984762,14.047857142857143,26.170925714285712,-7.474099999999638,228,105
24.953192949295044,113.3181362359971,13.10428,26.170925714285712,-7.514400000000755,228,111
24.973639965057373,113.3181362359971,13.10428,26.170925714285712,-7.533899999999999,228,111
24.99393892288208,113.3181362359971,13.10428,26.170925714285712,-7.554699999999507,228,111
25.01424527168274,111.66467659918243,12.07936,26.483594285714286,-7.595000000000622,229,118
25.034385919570923,111.66467659918243,12.07936,26.483594285714286,-7.615800000000131,229,118
25.055091619491577,109.20164833920778,10.993737142857142,26.483594285714286,-7.636599999999639,229,126
25.075665950775146,109.20164833920778,10.993737142857142,26.483594285714286,-7.676900000000755,229,126
25.095973253250122,107.28000745712129,9.98272,26.483594285714286,-7.696399999999998,229,134
25.11620020866394,107.28000745712129,9.98272,26.483594285714286,-7.717199999999506,229,134
25.13665533065796,107.05606008068857,9.14548,26.8,-7.757500000000623,230,141
25.157058000564575,107.05606008068857,9.14548,26.8,-7.778300000000131,230,141
25.177577257156372,107.05606008068857,9.14548,26.8,-7.7990999999996395,230,141
25.197856187820435,106.47065323364932,8.56768,26.8,-7.839400000000755,230,146
25.218097448349,106.47065323364932,8.56768,26.8,-7.858899999999998,230,146
25.238747358322144,107.11675872616759,8.00188,27.120177142857145,-7.879699999999507,231,151
25.259014129638672,107.11675872616759,8.00188,27.120177142857145,-7.920000000000623,231,151
25.27960515022278,108.0,7.332725714285714,27.44416,-7.940800000000132,232,157
25.30008363723755,108.0,7.332725714285714,27.44416,-7.96159999999964,232,157
25.320346355438232,108.0,6.548180434285492,27.44416,-8.001900000000756,232,164
25.34091019630432,108.0,6.544297234285643,27.44416,-8.0214,232,164
25.36139154434204,108.0,6.540155154285741,27.44416,-8.042199999999507,232,164
25.381975650787354,109.22453936730518,5.734726284285126,27.77198285714286,-8.062999999999015,233,171
25.402076959609985,109.22453936730518,5.723273964285397,27.77198285714286,-8.082500000000625,233,171
25.422739028930664,111.01801655587259,4.784803770000156,28.10368,-8.12409999999964,234,179
25.442997455596924,111.01801655587259,4.766030820000885,28.10368,-8.143599999998884,234,179
25.463440418243408,111.01801655587259,4.72723338999981,28.10368,-8.164400000000757,234,179
25.48385262489319,111.01801655587259,4.707208910000284,28.10368,-8.204699999999509,234,179
25.50413703918457,112.37882362794157,3.7180860071438264,28.10368,-9.42709999999898,234,187
25.524295806884766,112.37882362794157,3.6619260971422714,28.10368,-9.44810000000071,234,187
25.544937133789062,112.37882362794157,3.6329403371429567,28.10368,-9.49289999999965,234,187
25.565344095230103,115.24755962709145,2.5774637300015,28.439285714285713,-9.513899999998836,235,195
25.58565878868103,115.24755962709145,2.502869979999434,28.439285714285713,-9.536300000000853,235,195
25.606425046920776,118.92854997854805,1.2133215000006183,28.778834285714286,-9.579699999999509,236,204
25.626755714416504,118.92854997854805,1.163253020001802,28.778834285714286,-9.602099999998979,236,204
25.64696478843689,121.85236969382254,-0.15908485428720187,28.778834285714286,-9.623100000000711,236,212
25.66753077507019,121.85236969382254,-0.22038661428575246,28.778834285714286,-9.667899999999651,236,212
25.790203094482422,132.07573584879245,-10.723530285714286,22.20231161904762,-11.028300000000133,236,234
25.810543298721313,132.07573584879245,-10.815571485710716,22.392876419040224,-11.074799999998692,236,234
25.830904722213745,135.35139452550905,-12.200942914292053,22.596145539058526,-11.098800000000853,236,240
25.851080179214478,135.35139452550905,-12.414222914285446,22.989979459046324,-11.145299999999413,236,240
25.87139105796814,138.2208377922808,-13.672780057139736,23.19324857904152,-11.169299999998845,236,245
25.89164972305298,138.2208377922808,-13.785936307149067,23.383813379057234,-11.1918000000007,236,245
25.91223454475403,138.2208377922808,-14.027336307143358,23.79035161904762,-11.215800000000133,236,245
25.932825326919556,138.2208377922808,-14.140492557138966,23.980916419040224,-11.262299999998692,236,245
25.953124284744263,138.2208377922808,-14.261192557149835,24.18418553905853,-11.262299999998692,236,245
25.973644018173218,141.0319112825179,-15.849118250002089,24.032230717622674,-11.30879999999998,235,251
25.993709325790405,141.0319112825179,-16.117808489995735,24.43243071761321,-11.332799999999413,235,251
26.01386547088623,144.1700384962146,-17.558965290007063,24.62002446762868,-11.356799999998845,235,256
26.034194469451904,144.1700384962146,-17.7054792100036,24.82012446762395,-11.403300000000133,235,256
26.054948091506958,147.32277488562318,-19.69316765570815,24.866143633326413,-11.427299999999565,234,262
26.07512879371643,147.32277488562318,-19.85530141572275,25.063111313344148,-11.449799999998692,234,262
26.095577001571655,149.96666296213968,-21.51082928000206,24.913169020479955,-11.49629999999998,233,267
26.115689039230347,149.96666296213968,-21.862919199993733,25.300912700470786,-11.520299999999413,233,267
26.135770559310913,149.96666296213968,-22.027961350007345,25.482667550485772,-11.544299999998845,233,267
26.155901670455933,153.44380078712857,-23.800973510002834,25.67653939048119,-11.590800000000133,233,272
26.176310539245605,153.44380078712857,-23.99178566999832,25.870411230476606,-11.614799999999565,233,272
26.19677186012268,156.31058825300352,-26.0700316800094,25.912286933343985,-11.637299999998692,232,277
26.217097759246826,156.31058825300352,-26.263602330001888,26.091173333337043,-11.68379999999998,232,277
26.237256288528442,158.54967675779096,-27.897840249996694,25.954978796189746,-11.707799999999413,231,281
26.25775408744812,158.54967675779096,-28.323466220008484,26.318818666199824,-11.731799999998845,231,281
26.27795171737671,161.6168308066954,-30.422320940002876,26.18344152333831,-11.778300000000133,230,286
26.298237323760986,161.6168308066954,-30.65937565999727,26.36824152333394,-11.802299999999565,230,286
26.318840742111206,161.6168308066954,-31.11866918000999,26.726291523343857,-11.824799999998692,230,286
26.339528799057007,163.37686494727458,-32.92161346571512,26.170925714285712,-11.87129999999998,228,290
26.35970401763916,163.37686494727458,-33.173293465709165,26.170925714285712,-11.895299999999413,228,290
26.380255222320557,165.23922052587878,-35.07857291713143,25.556662857142857,-11.919299999998845,226,294
26.400733470916748,165.23922052587878,-35.59582899714575,25.556662857142857,-11.965800000000133,226,294
26.421159267425537,169.2010638264429,-37.755537142857136,25.556662857142857,-11.965800000000133,226,299
26.441786289215088,169.2010638264429,-37.755537142857136,25.556662857142857,-12.012299999998692,226,299
26.462292432785034,171.011695506477,-39.10336,25.255,-12.036300000000853,225,302
26.482818603515625,171.011695506477,-39.10336,25.255,-12.05879999999998,225,302
26.502936840057373,171.011695506477,-39.10336,25.255,-12.106799999998845,225,302
26.52358889579773,171.011695506477,-39.10336,25.255,-12.1293000000007,225,302
26.543749570846558,171.011695506477,-39.10336,25.255,-12.153300000000133,225,302
26.564032793045044,172.28464818433474,-40.495,24.66244,-12.199799999998692,223,305
26.584120512008667,172.28464818433474,-40.495,24.66244,-12.223800000000853,223,305
26.604501724243164,172.28464818433474,-40.495,24.66244,-12.24629999999998,223,305
26.624890089035034,172.28464818433474,-40.495,24.66244,-12.294299999998845,223,305
26.645233154296875,172.28464818433474,-40.495,24.66244,-12.3168000000007,223,305
26.66593360900879,173.35801106380978,-41.447559999999996,24.371474285714285,-12.340800000000133,222,307
26.686280012130737,173.35801106380978,-41.447559999999996,24.371474285714285,-12.387299999998692,222,307
26.706607341766357,174.45343218177166,-42.42028,24.084005714285716,-11.209700000000709,221,309
26.727096557617188,174.45343218177166,-42.42028,24.084005714285716,-11.230699999999896,221,309
26.747387647628784,175.025712396779,-43.41343428571428,23.519422857142857,-11.275499999998836,219,311
26.767574310302734,175.025712396779,-43.41343428571428,23.519422857142857,-11.296500000000567,219,311
26.787840843200684,175.32826355154492,-43.91776,23.24224,-11.318900000000037,218,312
26.807957410812378,175.32826355154492,-43.91776,23.24224,-11.362299999998692,218,312
26.82852530479431,175.32826355154492,-43.91776,23.24224,-11.38470000000071,218,312
26.849146604537964,173.216627377397,-43.91776,22.166765714285717,-11.405699999999895,214,312
26.869415283203125,173.216627377397,-43.91776,22.166765714285717,-11.450499999998835,214,312
26.889627695083618,171.67702234137218,-43.91776,21.39412,-11.450499999998835,211,312
26.909851789474487,171.67702234137218,-43.91776,21.39412,-10.292300000000074,211,312
26.93010687828064,170.67220043111882,-43.91776,20.894679999999997,-10.313099999999583,209,312
26.950387716293335,170.67220043111882,-43.91776,20.894679999999997,-10.332599999998825,209,312
26.97054886817932,169.19810873647495,-43.91776,20.168319999999998,-10.372899999999941,206,312
26.990790605545044,169.19810873647495,-43.91776,20.168319999999998,-10.393699999999448,206,312
27.011053562164307,169.19810873647495,-43.91776,20.168319999999998,-10.414499999998958,206,312
27.0313937664032,167.7647161950331,-43.91776,19.468497142857142,-10.454800000000073,203,312
27.051676034927368,167.7647161950331,-43.91776,19.468497142857142,-10.475599999999583,203,312
27.07204508781433,165.4841382127,-43.41343428571428,18.794285714285714,-10.495099999998825,200,311
27.092247486114502,165.4841382127,-43.41343428571428,18.794285714285714,-10.535399999999942,200,311
27.11246609687805,165.4841382127,-43.41343428571428,18.794285714285714,-9.354599999999486,200,311
27.13264226913452,165.4841382127,-43.41343428571428,18.794285714285714,-9.373799999999033,200,311
27.15294909477234,163.23296235748464,-42.91428571428572,18.144759999999998,-9.411000000000062,197,310
27.17333722114563,163.23296235748464,-42.91428571428572,18.144759999999998,-9.430199999999608,197,310
27.193926095962524,163.23296235748464,-42.91428571428572,18.144759999999998,-9.44819999999891,197,310
27.214327812194824,160.11246047700348,-41.93138285714286,17.518994285714285,-9.48539999999994,194,308
27.234882593154907,160.11246047700348,-41.93138285714286,17.518994285714285,-9.504599999999485,194,308
27.25500178337097,157.91770008456936,-41.447559999999996,16.916062857142858,-9.523799999999031,191,307
27.27534008026123,157.91770008456936,-41.447559999999996,16.916062857142858,-9.56100000000006,191,307
27.295917510986328,154.434452114805,-40.495,16.146074285714285,-9.580199999999607,187,305
27.316417932510376,154.434452114805,-40.495,16.146074285714285,-8.396699999998967,187,305
27.336660861968994,151.79591562357663,-39.56232571428571,15.775,-8.43079999999991,185,303
27.357394456863403,151.79591562357663,-39.56232571428571,15.775,-8.448399999999495,185,303
27.37763524055481,151.79591562357663,-39.56232571428571,15.775,-8.46599999999908,185,303
27.397770404815674,148.38463532320318,-38.64926285714286,15.05932,-8.482500000000439,181,301
27.418312549591064,148.38463532320318,-38.64926285714286,15.05932,-8.500100000000025,181,301
27.43851947784424,144.4714504668656,-37.315839999999994,14.54464,-8.534199999998968,178,298
27.45884919166565,144.4714504668656,-37.315839999999994,14.54464,-8.55180000000055,178,298
27.479076623916626,137.78606605894515,-34.775817142857136,14.047857142857143,-8.568299999999912,175,292
27.499522924423218,137.78606605894515,-34.775817142857136,14.047857142857143,-8.60349999999908,175,292
27.519645929336548,132.03408650799233,-32.783902857142856,13.568045714285713,-8.62000000000044,172,287
27.539787530899048,132.03408650799233,-32.783902857142856,13.568045714285713,-8.637600000000024,172,287
27.560012578964233,132.03408650799233,-32.783902857142856,13.568045714285713,-8.671699999998967,172,287
27.580421686172485,126.64912159190051,-30.900845714285715,13.257142857142856,-8.689300000000552,170,282
27.600691556930542,126.64912159190051,-30.900845714285715,13.257142857142856,-8.705799999999911,170,282
27.621020793914795,121.26417442921878,-29.12236,12.953097142857143,-8.74099999999908,168,277
27.641499757766724,121.26417442921878,-29.12236,12.953097142857143,-8.75750000000044,168,277
27.661973237991333,121.26417442921878,-29.12236,12.953097142857143,-8.775100000000023,168,277
27.68210244178772,121.26417442921878,-29.12236,12.953097142857143,-8.809199999998967,168,277
27.702542066574097,115.8792474949678,-27.44416,12.655634285714285,-7.625200000000409,166,272
27.72309160232544,115.8792474949678,-27.44416,12.655634285714285,-7.640199999999827,166,272
27.743388175964355,115.8792474949678,-27.44416,12.655634285714285,-7.67219999999907,166,272
27.763612031936646,108.26818553942798,-25.255,12.221182857142857,-7.687200000000307,163,265
27.784101009368896,108.26818553942798,-25.255,12.221182857142857,-7.703199999999929,163,265
27.80469250679016,102.88342918079665,-23.8,11.938977142857143,-7.734199999998968,161,260
27.825324296951294,102.88342918079665,-23.8,11.938977142857143,-7.750200000000409,161,260
27.8455548286438,96.00520819205592,-21.906039999999997,11.8,-7.765199999999827,160,253
27.865766763687134,96.00520819205592,-21.906039999999997,11.8,-7.781199999999449,160,253
27.885997772216797,89.69392398596462,-20.407445714285714,11.526125714285715,-7.79719999999907,158,247
27.90621542930603,89.69392398596462,-20.407445714285714,11.526125714285715,-7.828199999999929,158,247
27.92647910118103,89.69392398596462,-20.407445714285714,11.526125714285715,-7.84419999999955,158,247
27.94667339324951,83.38465086573187,-19.016234285714283,11.257462857142858,-7.859199999998968,156,241
27.966957330703735,83.38465086573187,-19.016234285714283,11.257462857142858,-7.875200000000409,156,241
27.98747205734253,76.15773105863909,-17.518994285714285,10.993737142857142,-7.906199999999449,154,234
28.008103609085083,76.15773105863909,-17.518994285714285,10.993737142857142,-7.92219999999907,154,234
28.02852725982666,68.94200461257273,-16.146074285714285,10.734674285714286,-7.937200000000307,152,227
28.04902410507202,68.94200461257273,-16.146074285714285,10.734674285714286,-7.96919999999955,152,227
28.06934881210327,63.071388124885914,-15.05932,10.606805714285715,-7.984199999998968,151,221
28.08966040611267,63.071388124885914,-15.05932,10.606805714285715,-8.015199999999826,151,221
28.109888076782227,63.071388124885914,-15.05932,10.606805714285715,-8.031199999999448,151,221
28.130037784576416,57.697486947006624,-14.21152,10.354222857142858,-8.04719999999907,149,216
28.150176763534546,57.697486947006624,-14.21152,10.354222857142858,-8.078199999999928,149,216
28.17063283920288,51.42956348249516,-13.257142857142856,10.105617142857142,-8.09419999999955,147,210
28.190992832183838,51.42956348249516,-13.257142857142856,10.105617142857142,-8.109199999998967,147,210
28.21117353439331,51.42956348249516,-13.257142857142856,10.105617142857142,-8.125200000000408,147,210
28.231298446655273,51.42956348249516,-13.257142857142856,10.105617142857142,-8.156199999999448,147,210
28.2516348361969,51.42956348249516,-13.257142857142856,10.105617142857142,-8.17219999999907,147,210
28.272284507751465,46.52956049652737,-12.509285714285713,9.98272,-8.187200000000306,146,205
28.292783975601196,46.52956049652737,-12.509285714285713,9.98272,-8.21919999999955,146,205
28.312987565994263,42.5440947723653,-11.938977142857143,9.860714285714286,-9.43569999999891,145,201
28.333306312561035,42.5440947723653,-11.938977142857143,9.860714285714286,-9.453300000000494,145,201
28.3534734249115,38.58756276314948,-11.39116,9.739565714285714,-9.469799999999854,144,197
28.373942375183105,38.58756276314948,-11.39116,9.739565714285714,-9.487399999999438,144,197
28.394373416900635,34.66987164671943,-10.86364,9.61924,-9.521500000000382,143,193
28.414576053619385,34.66987164671943,-10.86364,9.61924,-8.337500000000004,143,193
28.434963703155518,30.805843601498726,-10.354222857142858,9.499702857142857,-8.353499999999626,142,189
28.455385208129883,30.805843601498726,-10.354222857142858,9.499702857142857,-8.384500000000484,142,189
28.475672721862793,30.805843601498726,-10.354222857142858,9.499702857142857,-8.399499999999902,142,189
28.496081590652466,27.80287754891569,-9.98272,9.38092,-8.415499999999524,141,186
28.516428232192993,27.80287754891569,-9.98272,9.38092,-9.649600000000468,141,186
28.536657094955444,24.758836806279895,-9.499702857142857,9.38092,-9.66720000000005,141,182
28.557028770446777,24.758836806279895,-9.499702857142857,9.38092,-9.684799999999635,141,182
28.5772385597229,23.345235059857504,-1.9297142857142855,2.0303956666666663,-9.71890000000058,141,180
28.59782648086548,23.345235059857504,-1.949514285713517,2.051228716665858,-9.73539999999994,141,180
28.61822819709778,21.2602916254693,-1.7922986514269077,1.9950830023791448,-9.752999999999524,140,178
28.638758420944214,21.2602916254693,-1.8100502514283716,2.0148830023807776,-9.787100000000468,140,178
28.659186363220215,21.2602916254693,-1.8289852914279239,2.036003002380278,-9.80470000000005,140,178
28.679617166519165,18.601075237738275,-1.5705611842841243,1.9769861466647909,-9.822299999999634,139,175
28.69978666305542,18.601075237738275,-1.5862611842855379,1.997010626666594,-9.85640000000058,139,175
28.720001459121704,16.1245154965971,-1.3130018699993684,1.9174907980944764,-9.87289999999994,138,172
28.740482091903687,16.1245154965971,-1.3380181899987769,1.955360878093581,-9.890499999999523,138,172
28.76106882095337,16.1245154965971,-1.3497445899997438,1.9731124780950449,-9.924600000000467,138,172
28.781397342681885,16.1245154965971,-1.3622527499994481,1.992047518094597,-9.942200000000051,138,172
28.80176568031311,14.317821063276353,-1.1844241785706306,1.913141735237032,-9.959799999999635,137,170
28.822141885757446,14.317821063276353,-1.2045741785711885,1.94772874523799,-9.993900000000579,137,170
28.842785120010376,14.317821063276353,-1.2143241785708103,1.9644643952373404,-10.010399999999938,137,170
28.86342167854309,13.92838827718412,-1.1300036299991607,1.9823157552369182,-10.027999999999523,137,169
28.883994102478027,13.92838827718412,-1.1481209599996625,2.016902765237876,-10.062100000000466,137,169
28.904030084609985,13.341664064126334,-0.9687819199994909,2.034754125237454,-10.07970000000005,137,167
28.92469358444214,13.341664064126334,-0.9760428799993192,2.052605485237032,-10.097299999999635,137,167
28.945014715194702,12.165525060596439,-0.8951074857139385,1.9888319766665037,-10.113799999998994,136,166
28.965173721313477,12.165525060596439,-0.9009382857137123,2.0045567766658934,-10.131400000000578,136,166
28.985458374023438,12.041594578792296,-0.8133039999993041,2.021329896665497,-10.165499999999522,136,165
29.00603938102722,12.041594578792296,-0.8233402499995821,2.053827816666397,-8.981499999999144,136,165
29.026458024978638,12.041594578792296,-0.8285202499994595,2.0706009366660005,-8.996500000000381,136,165
29.04653263092041,12.0,-0.7399909014279331,2.087374056665604,-9.028499999999624,136,164
29.0667827129364,12.0,-0.7438741014277823,2.1030988566649933,-9.043499999999042,136,164
29.0870361328125,12.0,-0.6573337485708062,2.1355967766658934,-9.059500000000483,136,163
29.107515573501587,12.0,-0.6604391885707327,2.1523698966654967,-10.292099999999484,136,163
29.127820014953613,12.0,-0.5700375199992552,2.1691430166651005,-10.309699999999069,136,162
29.14821720123291,12.0,-0.5740476799993663,2.201640936666,-10.326200000000428,136,162
29.16827940940857,12.0,-0.5761174399993174,2.218414056665604,-10.361399999999596,136,162
29.1887047290802,12.0,-0.578057839999242,2.234138856664994,-10.377899999998956,136,162
29.209198713302612,12.0,-0.5820679999993531,2.2666367766658935,-10.39550000000054,136,162
29.22950553894043,12.0,-0.4906884342850429,2.283409896665497,-9.22649999999958,136,161
29.249998807907104,12.0,-0.4917231542850184,2.3001830166651005,-9.242499999999202,136,161
29.270421266555786,12.0,-0.4926932042850984,2.315907816666397,-9.257500000000439,136,161
29.29084348678589,12.0,-0.49476264428504946,2.349454056665604,-9.289499999999682,136,161
29.310970067977905,12.0,-0.40237692999933516,2.3651788566649934,-10.505999999999041,136,160
29.331143140792847,12.0,-0.40237692999933516,2.381951976666504,-10.523600000000627,136,160
29.35159397125244,12.0,-0.40237692999933516,2.414449896665497,-10.55769999999957,136,160
29.372204065322876,12.0,-0.40237692999933516,2.4312230166651005,-10.575299999999153,136,160
29.39257574081421,12.0,-0.40237692999933516,2.4469478166663974,-10.591800000000514,136,160
29.412784576416016,12.0,-0.40237692999933516,2.480494056665604,-9.407800000000137,136,160
29.433111906051636,12.0,-0.40237692999933516,2.496218856664994,-9.423799999999758,136,160
29.453293800354004,11.0,-0.40237692999933516,2.4161045709521214,-9.454800000000617,135,160
29.473833560943604,11.0,-0.40237692999933516,2.43082332095155,-9.469800000000035,135,160
29.49403953552246,11.0,-0.49683208428500053,2.462223320950808,-9.485799999999657,135,161
29.514585971832275,11.0,-0.4978021342850805,2.4769420709520213,-9.516800000000515,135,161
29.53472590446472,11.0,-0.5922861799993173,2.4926420709516504,-9.532800000000137,135,162
29.55519151687622,11.0,-0.5962963399991931,2.523060820950708,-9.548799999999758,135,162
29.575515270233154,11.0,-0.5983660999993794,2.5387608209521213,-9.579800000000617,135,162
29.596028327941895,12.0,-0.693748878570695,2.650299906665797,-9.594800000000035,136,163
29.616302490234375,12.0,-0.6999597585705482,2.6838461466650037,-9.610799999999657,136,163
29.636565685272217,12.0,-0.7028711085707882,2.6995709466663005,-9.641800000000515,136,163
29.65701961517334,12.0,-0.7059765485707148,2.716344066665904,-9.657800000000137,136,163
29.67760992050171,12.0,-0.8026757714277597,2.733117186665507,-9.673799999999758,136,164
29.697712898254395,12.0,-0.810701051427982,2.765615106666407,-9.704800000000617,136,164
29.718040704727173,12.041594578792296,-0.9082287299992222,2.7813399066657967,-8.518300000000092,136,165
29.738399982452393,12.041594578792296,-0.9134087299990996,2.7981130266654004,-8.532699999999751,136,165
29.758559942245483,12.041594578792296,-0.9234449799993776,2.8306109466663,-8.54709999999941,136,165
29.778705835342407,12.041594578792296,-0.9286249799992552,2.847384066665904,-8.575000000000184,136,165
29.798855781555176,12.041594578792296,-0.9338049799991326,2.8641571866655067,-8.589399999999843,136,165
29.81921911239624,12.041594578792296,-0.9438412299994106,2.8966551066664072,-8.60289999999932,136,165
29.839725017547607,12.041594578792296,-0.9486974799992222,2.9123799066657967,-8.630800000000093,136,165
29.860240936279297,12.041594578792296,-0.9538774799990997,2.9291530266654,-8.645199999999752,136,165
29.880452632904053,12.041594578792296,-0.9590574799989772,2.9459261466650033,-8.659599999999411,136,165
29.90085768699646,12.041594578792296,-0.9690937299992551,2.9784240666659034,-8.673100000000524,136,165
29.921195030212402,12.041594578792296,-0.9742737299991326,2.9951971866655067,-7.485900000000223,136,165
29.94157314300537,12.041594578792296,-0.9791299799989442,3.010921986664896,-7.510699999999455,136,165
29.962194204330444,12.165525060596439,-1.0839945857135638,3.0434199066657968,-7.523500000000607,136,166
29.98270082473755,12.165525060596439,-1.0902141057134167,3.0601930266653996,-7.535500000000141,136,166
30.0028555393219,12.165525060596439,-1.0964336257132696,3.0769661466650033,-7.561099999999536,136,166
30.023022890090942,12.165525060596439,-1.1084839457136035,3.109464066665903,-7.573100000000526,136,166
30.043415784835815,12.36931687685298,-1.208730619999146,3.1262371866655068,-7.585900000000223,136,167
30.063795566558838,12.36931687685298,-1.2155377699988819,3.1419619866648962,-7.610699999999455,136,167
30.083988904953003,11.40175425099138,-1.2296058799992715,3.0765664509514528,-7.6235000000006075,135,167
30.10449481010437,11.40175425099138,-1.2368668399991,3.0922664509510813,-7.635500000000142,135,167
30.124707460403442,11.40175425099138,-1.2441277999989282,3.1079664509507103,-7.661099999999537,135,167
30.145045518875122,11.40175425099138,-1.2509349499994897,3.122685200951924,-7.673100000000526,135,167
30.165239810943604,11.40175425099138,-1.2654568699991462,3.1540852009511817,-7.685900000000223,135,167
30.185295820236206,11.704699910719626,-1.3664281842845583,3.1688039509506103,-7.710699999999455,135,168
30.205631732940674,11.704699910719626,-1.374732824285306,3.184503950952024,-6.521900000000464,135,168
30.226229667663574,12.083045973594572,-1.4862644399990304,3.2149227009510817,-6.532400000000056,135,169
30.24648690223694,12.083045973594572,-1.4956153199988094,3.2306227009507102,-6.554799999999527,135,169
30.26703381538391,12.083045973594572,-1.504381769999532,3.2453414509519245,-6.565300000000393,135,169
30.287450551986694,12.083045973594572,-1.5230835299990901,3.2767414509511816,-6.576500000000128,135,169
30.307583570480347,12.083045973594572,-1.53184997999875,3.2914602009506106,-7.801299999999359,135,169
30.327851057052612,12.529964086141668,-1.6359214085711147,3.3071602009520245,-7.814100000000511,135,170
30.34811758995056,12.529964086141668,-1.6456714085707365,3.321878950951453,-7.826100000000046,135,170
30.36843752861023,12.529964086141668,-1.6664714085702443,3.3532789509507106,-7.851699999999441,135,170
30.388792991638184,12.529964086141668,-1.6762214085710485,3.3679977009519244,-7.86370000000043,135,170
30.409148931503296,12.529964086141668,-1.6866214085708024,3.3836977009515534,-7.876500000000127,135,170
30.42957377433777,12.529964086141668,-1.7067714085701782,3.414116450950611,-7.889299999999825,135,170
30.449663877487183,13.038404810405298,-1.8121808714283523,3.429816450952025,-7.901299999999359,135,171
30.469849109649658,13.038404810405298,-1.8229174214279356,3.444535200951454,-7.926100000000046,135,171
30.489938974380493,13.038404810405298,-1.8343697414276647,3.4602352009510824,-7.938899999999743,135,171
30.51011037826538,13.038404810405298,-1.8565586114282793,3.4906539509519248,-7.95169999999944,135,171
30.53034806251526,13.038404810405298,-1.8680109314280084,3.5063539509515533,-6.773400000000042,135,171
30.55097794532776,13.038404810405298,-1.8794632514277376,3.522053950951182,-6.784599999999777,135,171
30.571484804153442,13.038404810405298,-1.9016521214283522,3.5524727009520243,-6.79509999999937,135,171
30.5918869972229,13.601470508735444,-2.0076499499993257,3.5671914509514533,-6.81679999999997,135,172
30.61227536201477,13.601470508735444,-2.02015810999903,3.582891450951082,-6.827999999999706,135,172
30.632819414138794,13.601470508735444,-2.0443926699997013,3.6133102009519242,-6.839199999999441,135,172
30.65321922302246,13.601470508735444,-2.0569008299994054,3.629010200951553,-6.860900000000042,135,172
30.673460006713867,13.601470508735444,-2.0694089899991095,3.6447102009511814,-6.872099999999778,135,172
30.693871021270752,14.422205101855956,-2.093643549999781,3.7730224066663673,-6.8825999999993694,136,172
30.714367389678955,14.422205101855956,-2.105369949999326,3.7887472066657573,-8.107400000000055,136,172
30.734702348709106,15.0,-2.2135520757132907,3.8055203266653606,-8.120199999999754,136,173
30.75514817237854,15.0,-2.22711991571297,3.822293446664964,-8.13299999999945,136,173
30.77573823928833,15.620499351813308,-2.3504545099994694,3.854791366665864,-8.157800000000137,136,174
30.79625391960144,15.620499351813308,-2.3650861899991233,3.8715644866654673,-8.170599999999835,136,174
30.816643476486206,15.620499351813308,-2.378803389998591,3.887289286664857,-6.981099999999428,136,174
30.836700677871704,15.620499351813308,-2.407152269999376,3.9197872066657573,-7.002800000000029,136,174
30.856932878494263,15.620499351813308,-2.42178394999903,3.9365603266653606,-7.013999999999764,136,174
30.877012252807617,16.401219466856727,-2.436415629998684,4.050683115236367,-7.025199999999499,137,174
30.897619485855103,16.401219466856727,-2.464764509999469,4.085270125237325,-7.035700000000365,137,174
30.917898178100586,17.029386365926403,-2.5758502242848125,4.103121485236903,-8.261299999999759,137,175
30.93836498260498,17.029386365926403,-2.590568974284241,4.119857135236254,-8.273299999999294,137,175
30.958826780319214,17.69180601295413,-2.7031563800000376,4.137708495237861,-8.286100000000445,137,176
30.97922372817993,17.69180601295413,-2.7356542999990303,4.172295505236789,-8.310899999999677,137,176
30.999626874923706,18.384776310850235,-2.8497770885700366,4.190146865236367,-8.310899999999677,137,177
31.020069122314453,18.384776310850235,-2.8665127385714166,4.206882515237748,-7.132600000000279,137,177
31.040220499038696,19.1049731745428,-3.001139961427664,4.242585235236903,-7.143800000000015,137,178
31.06082773208618,19.1049731745428,-3.018891561426975,4.259320885236253,-7.15499999999975,137,178
31.08095645904541,19.1049731745428,-3.03782660142868,4.27717224523786,-7.17670000000035,137,178
31.1011381149292,20.518284528683193,-3.1738954599989073,4.410616028093867,-7.187199999999943,138,179
31.121707677841187,20.518284528683193,-3.1939199399984335,4.429551068093419,-7.198399999999678,138,179
31.142009258270264,21.2602916254693,-3.311534225714351,4.447302668094883,-7.220100000000279,138,180
31.162333488464355,21.2602916254693,-3.3537742257133525,4.485172748093987,-7.231300000000015,138,180
31.182657480239868,22.02271554554524,-3.472992989998258,4.502924348093298,-7.24249999999975,138,181
31.203205347061157,22.02271554554524,-3.495214910000259,4.521859388095003,-8.465800000000494,138,181
31.223666191101074,21.400934559032695,-3.516047959999451,4.441837895237211,-8.477800000000029,137,181
31.243898153305054,21.400934559032695,-3.5604917999984,4.477540615236366,-8.490599999999725,137,181
31.26436996459961,21.400934559032695,-3.581324850000118,4.494276265237747,-8.515400000000412,137,181
31.28471064567566,21.400934559032695,-3.6035467699995922,4.512127625237325,-8.52820000000011,137,181
31.305018186569214,21.400934559032695,-3.646601739998258,4.546714635236253,-8.540999999999807,137,181
31.325326681137085,21.400934559032695,-3.668823660000259,4.56456599523786,-7.362700000000409,137,181
31.345850467681885,21.400934559032695,-3.6896567099994506,4.581301645237211,-7.3732000000000015,137,181
31.366124391555786,21.400934559032695,-3.7341005499983995,4.617004365236367,-7.3843999999997365,137,181
31.38660430908203,21.400934559032695,-3.7549336000001174,4.633740015237747,-7.406100000000338,137,181
31.40697169303894,22.20360331117452,-3.8772498742852806,4.651591375237325,-7.417300000000073,137,182
31.427436590194702,22.20360331117452,-3.900580434284729,4.669442735236903,-7.428499999999808,137,182
31.44772505760193,23.021728866442675,-4.047559310000326,4.704029745237861,-7.450200000000409,137,183
31.46795630455017,23.021728866442675,-4.070477659999437,4.720765395237211,-7.460700000000001,137,183
31.48803448677063,23.021728866442675,-4.094923899998859,4.738616755236789,-7.471899999999737,137,183
31.50844931602478,23.600847442411894,-4.142288490000171,4.872060538094948,-7.483099999999472,138,183
31.528968334197998,23.600847442411894,-4.166734729999592,4.8909955780945005,-7.493600000000337,138,183
31.549169063568115,24.413111231467404,-4.292575438570416,4.9099306180940525,-7.515999999999808,138,184
31.569600820541382,24.413111231467404,-4.342115918571787,4.946617258095069,-7.5264999999994,138,184
31.58965563774109,25.238858928247925,-2.916339285714286,2.068202285714286,-7.537700000000409,138,185
31.60999369621277,25.238858928247925,-2.9430392857136543,2.087137325713838,-7.559399999999736,138,185
31.630120992660522,26.076809620810597,-3.0928837199987105,2.1060723657133904,-7.570599999999471,138,186
31.65024471282959,26.076809620810597,-3.1468212400002042,2.142759005714406,-7.581100000000338,138,186
31.670414686203003,26.92582403567252,-3.2987041428566615,2.1616940457139586,-7.603499999999808,138,187
31.690682411193848,26.92582403567252,-3.3258782928556068,2.17944564571327,-7.6139999999994,138,187
31.711199522018433,26.92582403567252,-3.3820382028571623,2.216132285714286,-7.625200000000409,138,187
31.73167634010315,26.92582403567252,-3.411023962856477,2.235067325713838,-7.646899999999737,138,187
31.75226664543152,26.92582403567252,-3.4400097228557915,2.25400236571339,-7.658099999999472,138,187
31.772480964660645,27.784887978899608,-3.622231620000266,2.2906890057144063,-7.668600000000337,138,188
31.79264545440674,27.784887978899608,-3.652373059999553,2.3096240457139587,-7.690999999999808,138,188
31.81325387954712,28.653097563788805,-3.8065053671412716,2.32737564571327,-7.701499999999401,138,189
31.833688020706177,28.653097563788805,-3.8378114471440905,2.3463106857149745,-7.7127000000004085,138,189
31.85411763191223,28.653097563788805,-3.8984669771422116,2.382997325713838,-7.734399999999736,138,189
31.87432551383972,28.653097563788805,-3.929773057141471,2.40193236571339,-7.745599999999472,138,189
31.894654989242554,29.5296461204668,-4.086000200001125,2.4196839657148543,-7.7561000000003375,138,190
31.914992094039917,29.5296461204668,-4.150960199999589,2.457554045713959,-7.778499999999808,138,190
31.93535327911377,29.5296461204668,-4.181410199998407,2.47530564571327,-7.7889999999994,138,190
31.95610284805298,29.068883707497267,-4.213890200001332,2.3770484342863054,-7.800200000000409,137,190
31.976619720458984,29.068883707497267,-4.276820199999382,2.411635444285234,-7.8107000000000015,137,190
31.99670433998108,29.068883707497267,-4.309300199998614,2.429486804284812,-7.8330999999994715,137,190
32.01702570915222,29.068883707497267,-4.339750200001125,2.446222454286192,-7.843600000000338,137,190
32.03748321533203,29.068883707497267,-4.404710199999589,2.4819251742853474,-7.854800000000073,137,190
32.05797719955444,29.068883707497267,-4.435160199998407,2.4986608242846984,-7.8764999999994005,137,190
32.0782732963562,29.546573405388315,-4.595629434287153,2.399908230000494,-7.8764999999994005,136,191
32.09835386276245,29.546573405388315,-4.627188984285928,2.415633029999884,-7.898200000000001,136,191
32.11861538887024,29.546573405388315,-4.694516024284336,2.4491792699990906,-7.909399999999737,136,191
32.13889789581299,29.546573405388315,-4.726075574286938,2.4649040700003875,-7.920599999999472,136,191
32.15902519226074,29.546573405388315,-4.759739094286142,2.481677189999991,-7.942300000000072,136,191
32.17908501625061,30.463092423455635,-4.955143025712622,2.514175109998984,-7.953499999999808,136,192
32.19932770729065,30.463092423455635,-4.989999985715761,2.5309482300004946,-7.9639999999994,136,192
32.21949577331543,30.870698080866262,-5.022678385714492,2.663209594285559,-7.985700000000001,137,192
32.23963904380798,30.870698080866262,-5.057535345713668,2.6810609542851367,-7.996899999999736,137,192
32.26011919975281,31.78049716414141,-5.256368550001316,2.7156479642860947,-8.008099999999471,137,193
32.28048658370972,31.78049716414141,-5.292429190000464,2.7334993242856727,-8.029800000000073,137,193
32.300721168518066,31.78049716414141,-5.328489829999611,2.7513506842852506,-8.040999999999809,137,193
32.32089972496033,31.78049716414141,-5.398357320001545,2.7859376942862086,-8.0514999999994,137,193
32.34142017364502,31.78049716414141,-5.432164170000234,2.802673344285559,-8.073200000000002,137,193
32.36199641227722,32.69556544854363,-5.599536192856495,2.8205247042851367,-8.084399999999736,137,194
32.3826048374176,32.69556544854363,-5.671756272858495,2.8551117142860947,-8.095599999999472,137,194
32.40295052528381,32.69556544854363,-5.709031152857614,2.8729630742856727,-8.117300000000073,137,194
32.42322778701782,32.69556544854363,-5.746306032856732,2.8908144342852506,-8.128499999999807,137,194
32.44375920295715,33.61547262794322,-5.952162640001656,2.9254014442862086,-8.1389999999994,137,195
32.46402359008789,33.61547262794322,-5.988256390000255,2.9421370942855587,-8.160700000000002,137,195
32.48429203033447,33.61547262794322,-6.026756389999345,2.9599884542851367,-8.160700000000002,137,195
32.50450253486633,32.69556544854363,-5.932768412855605,2.9778398142847147,-8.183099999999472,137,194
32.52503418922424,32.69556544854363,-6.004988492857606,3.012426824285672,-8.193600000000338,137,194
32.545093297958374,33.24154027718932,-6.174751349999553,2.913674229999562,-8.204800000000073,136,195
32.565346002578735,33.24154027718932,-6.210845099998153,2.9293990299989514,-8.226499999999401,136,195
32.58583426475525,33.24154027718932,-6.285438850000219,2.9618969499998515,-8.237700000000409,136,195
32.606276750564575,33.24154027718932,-6.323938849999308,2.978670069999455,-8.2482,136,195
32.626880168914795,32.89376840679705,-6.362438849998398,2.8793929271419407,-8.270599999999472,135,195
32.646971702575684,32.89376840679705,-6.437032600000464,2.909811677142783,-8.281100000000338,135,195
32.66718506813049,32.89376840679705,-6.475532599999553,2.9255116771424117,-8.292300000000072,135,195
32.68767189979553,31.953090617340916,-6.37921494285534,2.9402304271418407,-8.3139999999994,135,194
32.70782971382141,31.953090617340916,-6.416489822858695,2.9559304271432545,-8.32520000000041,135,194
32.728148460388184,32.89376840679705,-6.622346429999242,2.986349177142312,-8.335700000000001,135,195
32.748295068740845,32.89376840679705,-6.660846429998331,3.0020491771419406,-8.358099999999471,135,195
32.76836371421814,32.89376840679705,-6.696940180001308,3.0167679271431544,-8.368600000000338,135,195
32.788533449172974,32.89376840679705,-6.773940179999487,3.048167927142412,-8.379800000000072,135,195
32.808796405792236,32.89376840679705,-6.810033929998086,3.062886677141841,-8.4014999999994,135,195
32.829108476638794,32.89376840679705,-6.848533930001553,3.0785866771432544,-8.41270000000041,135,195
32.84929394721985,32.89376840679705,-6.884627680000152,3.093305427142683,-8.423200000000001,135,195
32.86969757080078,33.83784863137726,-7.096563177141131,3.124705427141941,-8.445599999999471,135,196
32.88979458808899,33.83784863137726,-7.133815977144202,3.1394241771431544,-8.456100000000337,135,196
32.910356521606445,33.52610922848042,-7.173552297143264,3.039592999999951,-8.467300000000073,134,196
32.93106985092163,33.52610922848042,-7.250541417140878,3.067941879999073,-8.478499999999809,134,196
32.951422452926636,33.52610922848042,-7.290277737144455,3.0825735600003905,-8.4889999999994,134,196
32.971543073654175,33.52610922848042,-7.32753053714301,3.0962907599998584,-8.510700000000002,134,196
32.99168634414673,33.52610922848042,-7.4070031771411315,3.1255541199991663,-8.521899999999736,134,196
33.01202178001404,34.785054261852174,-7.579122970001443,3.2547357271432373,-8.533099999999472,135,197
33.032554626464844,34.785054261852174,-7.6201071300004735,3.270435727142866,-8.554800000000073,135,197
33.05282282829285,34.785054261852174,-7.699513939998013,3.3008544771419235,-8.565999999999807,135,197
33.07322382926941,34.785054261852174,-7.7404981000017035,3.3165544771433373,-8.5764999999994,135,197
33.093711614608765,34.48187929913333,-7.778920750000212,3.2158088199999475,-8.598200000000002,134,197
33.11380934715271,34.48187929913333,-7.819904909999243,3.2304404999996015,-8.609399999999736,134,197
33.13409686088562,34.48187929913333,-7.899311720001442,3.258789380000387,-8.620599999999472,134,197
33.154752254486084,35.4400902933387,-8.076521274286158,3.2734210600000404,-8.642300000000073,134,198
33.17542910575867,35.4400902933387,-8.118765114285159,3.288052739999695,-8.653499999999807,134,198
33.19600296020508,36.68787265568828,-8.339345315716065,3.4329343471433944,-8.663999999999401,135,199
33.21640133857727,36.68787265568828,-8.380141265714482,3.447653097142823,-8.6857,135,199
33.23678541183472,36.68787265568828,-8.423656945713454,3.463353097142452,-8.696899999999737,135,199
33.257086515426636,36.68787265568828,-8.507968575715788,3.493771847143294,-8.708099999999472,135,199
33.277153968811035,37.64306044943742,-8.690374290000443,3.509471847142923,-8.729800000000072,135,200
33.297524213790894,37.64306044943742,-8.735174289999383,3.525171847142552,-8.740999999999808,135,200
33.318052768707275,37.64306044943742,-8.777174289997754,3.5398905971419805,-8.7514999999994,135,200
33.338181495666504,37.64306044943742,-8.863974290000158,3.570309347142823,-8.76270000000041,135,200
33.358484506607056,37.64306044943742,-8.908774289999098,3.5860093471424515,-8.784399999999737,135,200
33.37859892845154,37.64306044943742,-8.95357428999804,3.6017093471420805,-8.795599999999471,135,200
33.39904284477234,37.64306044943742,-9.040374290000443,3.632128097142923,-8.817300000000072,135,200
33.41922068595886,37.64306044943742,-9.085174289999383,3.6478280971425514,-8.828499999999808,135,200
33.43952488899231,37.64306044943742,-9.127174289997754,3.6625468471419804,-8.8389999999994,135,200
33.45982766151428,37.64306044943742,-9.213974290000158,3.6929655971428232,-8.85020000000041,135,200
33.48002052307129,37.64306044943742,-9.2587742899991,3.708665597142452,-8.871899999999737,135,200
33.50033497810364,38.600518131237564,-9.443848552855151,3.7243655971420804,-8.883099999999471,135,201
33.52063870429993,38.600518131237564,-9.487064602858714,3.7390843471432937,-8.893600000000337,135,201
33.54125642776489,38.600518131237564,-9.579258842856534,3.7704843471425518,-8.915999999999809,135,201
33.561712980270386,38.600518131237564,-9.622474892854857,3.7852030971419808,-8.915999999999809,135,201
33.581929445266724,38.600518131237564,-9.668572012859007,3.8009030971433946,-8.937700000000408,135,201
33.602142333984375,38.3275357934736,-9.75788518285624,3.7147891199996588,-8.948200000000002,134,201
33.62229609489441,38.3275357934736,-9.80398230285515,3.729420799999313,-8.959399999999736,134,201
33.64282250404358,39.293765408777,-9.988809560001673,3.743138000000444,-8.981100000000337,134,202
33.66295599937439,39.293765408777,-10.08362427999943,3.772401359999752,-8.992300000000073,134,202
33.683269739151,39.293765408777,-10.128068679997707,3.7861185599992195,-9.003499999999807,134,202
33.70353436470032,39.293765408777,-10.175476040001975,3.8007502400005375,-9.025200000000408,134,202
33.724013566970825,39.293765408777,-10.219920440000251,3.814467440000005,-9.035700000000002,134,202
33.744792222976685,39.293765408777,-10.314735159998008,3.843730799999313,-9.046899999999736,134,202
33.764989376068115,39.293765408777,-10.359179560001675,3.857448000000444,-7.86550000000025,134,202
33.78552794456482,40.26164427839479,-10.549733457143379,3.8720796800000983,-7.875100000000024,134,203
33.80602765083313,40.26164427839479,-10.644149847140454,3.90042855999922,-7.884699999999796,134,203
33.8265860080719,40.26164427839479,-10.692880887144842,3.915060240000537,-7.9033000000003115,134,203
33.84691858291626,40.26164427839479,-10.738566237143068,3.9287774400000055,-7.912299999999963,134,203
33.867353677749634,41.0,-10.982000339997843,3.841930262856507,-7.921899999999735,133,204
33.887800216674805,41.0,-11.028939540001714,3.8546501128575557,-7.940500000000251,133,204
33.90808963775635,41.0,-11.07900802000053,3.8682179528572345,-7.950100000000024,133,204
33.92846965789795,41.0,-11.176015699997524,3.89450564285642,-7.959699999999796,133,204
33.94890475273132,41.0,-11.226084180002033,3.908073482857642,-7.978300000000312,133,204
33.96924352645874,41.0,-11.273023380000211,3.9207933328571487,-9.188799999999905,133,204
33.989381313323975,41.0,-11.323091859999028,3.9343611728568275,-9.19999999999964,133,204
34.009822607040405,41.0,-11.420099540001715,3.960648862857556,-9.221700000000242,133,204
34.03042674064636,41.0,-11.470168020000532,3.974216702857235,-9.232899999999976,133,204
34.051082134246826,41.0,-11.520236499999347,3.9877845428569145,-9.244099999999712,133,204
34.071592807769775,41.0,-11.617244180002034,4.014072232857642,-8.062700000000225,133,204
34.091840505599976,41.0,-11.664183380000214,4.026792082857149,-8.071699999999877,133,204
34.112284898757935,41.0,-11.71425185999903,4.040359922856828,-8.081299999999649,133,204
34.132412910461426,41.0,-11.811259540001716,4.066647612857556,-8.099900000000165,133,204
34.15253686904907,41.0,-11.861328020000531,4.080215452857235,-8.099900000000165,133,204
34.17294216156006,41.0,-11.911396499999348,4.093783292856915,-8.119099999999712,133,204
34.193416357040405,41.97618372363071,-12.155828464287822,4.1200709828576425,-8.128099999999362,133,205
34.21354532241821,41.97618372363071,-12.204034714285953,4.132790832857149,-8.137700000000226,133,205
34.233776569366455,41.97618372363071,-12.255454714284737,4.146358672856828,-8.15629999999965,133,205
34.254446029663086,41.97618372363071,-12.30687471428352,4.159926512856508,-8.165899999999423,133,205
34.27482271194458,41.97618372363071,-12.40650096428628,4.1862142028572356,-9.37640000000029,133,205
34.29529809951782,41.97618372363071,-12.457920964285066,4.199782042856915,-9.39879999999976,133,205
34.31575274467468,41.97618372363071,-12.506127214283193,4.212501892856421,-9.409299999999352,133,205
34.33583164215088,42.95346318982906,-12.655634285714285,4.23878958285715,-9.420500000000361,133,206
34.356040239334106,42.95346318982906,-12.655634285714285,4.252357422856829,-9.442199999999689,133,206
34.37646174430847,42.7551166528639,-12.655634285714285,4.15132843999939,-8.251799999999461,132,206
34.396647691726685,42.7551166528639,-12.655634285714285,4.175563000000061,-8.260800000000202,132,206
34.417088985443115,42.7551166528639,-12.655634285714285,4.188071159999765,-8.279999999999749,132,206
34.43767023086548,42.7551166528639,-12.655634285714285,4.19979755999931,-8.2889999999994,132,206
34.45811176300049,42.7551166528639,-12.655634285714285,4.212305720000436,-8.298600000000263,132,206
34.478219509124756,41.593268686170845,-12.509285714285713,4.121368875714035,-9.520299999999592,131,205
34.498785972595215,41.593268686170845,-12.509285714285713,4.132821195713763,-9.531499999999328,131,205
34.5189995765686,40.607881008493905,-12.36448,4.143557745714649,-9.542000000000193,131,204
34.539390087127686,40.607881008493905,-12.36448,4.166462385714107,-9.564399999999663,131,204
34.559943437576294,40.607881008493905,-12.36448,4.17719893571369,-9.574899999999257,131,204
34.58031916618347,40.607881008493905,-12.36448,4.188651255714722,-9.586100000000265,131,204
34.60069394111633,40.607881008493905,-12.36448,4.210840125714034,-9.596599999999857,131,204
34.62137794494629,40.607881008493905,-12.36448,4.222292445713764,-9.607799999999592,131,204
34.641695499420166,40.607881008493905,-12.36448,4.233028995714649,-9.629500000000194,131,204
34.66200518608093,40.607881008493905,-12.36448,4.244481315714378,-9.64069999999993,131,204
34.682257652282715,40.607881008493905,-12.36448,4.266670185713691,-9.651899999999664,131,204
34.702526330947876,40.607881008493905,-12.36448,4.278122505714721,-9.673600000000265,131,204
34.72297644615173,40.607881008493905,-12.36448,4.288859055714305,-9.684099999999857,131,204
34.743147134780884,40.607881008493905,-12.36448,4.311763695713763,-9.695299999999593,131,204
34.76363468170166,39.6232255123179,-12.221182857142857,4.322500245714648,-9.717000000000194,131,203
34.78377652168274,39.6232255123179,-12.221182857142857,4.3339525657143785,-9.72819999999993,131,203
34.80435395240784,38.63935817272331,-12.07936,4.35614143571369,-9.739399999999664,131,202
34.82482290267944,38.63935817272331,-12.07936,4.367593755714722,-9.761100000000265,131,202
34.84506893157959,38.63935817272331,-12.07936,4.3783303057143055,-9.771599999999857,131,202
34.86536264419556,38.63935817272331,-12.07936,4.401234945713764,-8.58119999999963,131,202
34.88561248779297,38.47076812334269,-12.07936,4.298236374285996,-8.599800000000144,130,202
34.90589690208435,38.47076812334269,-12.07936,4.30863637428575,-8.609399999999917,130,202
34.9260995388031,38.47076812334269,-12.07936,4.3190363742855045,-8.61899999999969,130,202
34.94650316238403,37.656340767525464,-11.938977142857143,4.45397381571469,-8.637600000000205,131,201
34.96684408187866,37.656340767525464,-11.938977142857143,4.464710365714273,-9.8480999999998,131,201
34.9874849319458,36.6742416417845,-11.8,4.476162685714003,-9.859299999999534,131,200
35.00794506072998,36.6742416417845,-11.8,4.498351555714617,-9.881000000000135,131,200
35.02837419509888,36.49657518178932,-11.8,4.3960029842858,-9.892199999999871,130,200
35.04884219169617,36.49657518178932,-11.8,4.406402984285554,-9.903399999999607,130,200
35.06929969787598,35.510561809129406,-11.662394285714285,4.426552984286112,-9.925100000000207,130,199
35.08967304229736,35.510561809129406,-11.662394285714285,4.436302984285733,-9.925100000000207,130,199
35.10989212989807,34.52535300326414,-11.526125714285715,4.446702984285488,-9.946799999999534,130,198
35.13040542602539,34.52535300326414,-11.526125714285715,4.457102984285242,-9.95799999999927,130,198
35.15074396133423,34.52535300326414,-11.526125714285715,4.4772529842857995,-9.968500000000136,130,198
35.171022176742554,34.52535300326414,-11.526125714285715,4.487652984285554,-8.787699999999681,130,198
35.19135594367981,34.52535300326414,-11.526125714285715,4.497402984285175,-8.796699999999332,130,198
35.21162462234497,33.54101966249684,-11.39116,4.517552984285733,-8.806300000000196,130,197
35.23223376274109,33.54101966249684,-11.39116,4.527952984285488,-8.82489999999962,130,197
35.25278091430664,32.38826948140329,-11.257462857142858,4.424898149999552,-8.834499999999393,129,196
35.273300647735596,32.38826948140329,-11.257462857142858,4.443015480000054,-10.04500000000026,129,196
35.293506383895874,32.38826948140329,-11.257462857142858,4.452366359999832,-10.06739999999973,129,196
35.314117431640625,31.400636936215164,-11.125,4.4611328099994925,-10.077899999999323,129,195
35.33448266983032,31.400636936215164,-11.125,4.479250139999994,-10.08910000000033,129,195
35.35520935058594,30.4138126514911,-10.993737142857142,4.4886010199997735,-10.110799999999658,129,194
35.37574863433838,30.4138126514911,-10.993737142857142,4.497951899999552,-8.92039999999943,129,194
35.396223068237305,29.274562336608895,-10.86364,4.393640357143052,-8.929400000000172,128,193
35.41641330718994,29.274562336608895,-10.86364,4.410249637142659,-8.948599999999718,128,193
35.4366409778595,28.284271247461902,-10.734674285714286,4.418035237142357,-8.957599999999369,128,192
35.45680499076843,28.284271247461902,-10.734674285714286,4.426339877143104,-8.967200000000233,128,192
35.4772675037384,28.284271247461902,-10.734674285714286,4.442430117142606,-8.985799999999657,128,192
35.497406005859375,27.16615541441225,-10.606805714285715,4.337868219999577,-8.99539999999943,127,191
35.51765275001526,27.16615541441225,-10.606805714285715,4.344675370000139,-9.004400000000173,127,191
35.537962675094604,25.179356624028344,-2.860406714285715,0.6634270000000001,-9.013999999999946,127,189
35.55836772918701,25.179356624028344,-2.8897561642845755,0.670234149999736,-9.023599999999718,127,189
35.57866311073303,24.186773244895647,-2.8159118900015754,0.6774951100003898,-9.042200000000234,127,188
35.59914040565491,24.186773244895647,-2.844169490000479,0.6843022600001256,-9.051199999999884,127,188
35.619708776474,23.08679276123039,-2.7989552957133936,0.6037555857141171,-9.060799999999658,126,187
35.63993191719055,23.08679276123039,-2.826129445715634,0.6095863857145979,-9.079400000000172,126,187
35.66042518615723,23.08679276123039,-2.8551152057149487,0.6158059057144508,-9.088999999999945,126,187
35.68089723587036,22.090722034374522,-2.8066384399989923,0.6278562257140775,-9.098599999999719,126,186
35.70131969451904,22.090722034374522,-2.834477160001499,0.6340757457146375,-9.117200000000233,126,186
35.721720933914185,22.090722034374522,-2.860575960000486,0.6399065457144113,-9.126199999999884,126,186
35.742188692092896,22.090722034374522,-2.9162533999991695,0.6523455857141172,-9.135799999999657,126,186
35.76275610923767,21.095023109728988,-2.839613221429805,0.6581763857145979,-9.154400000000173,126,185
35.78300476074219,21.095023109728988,-2.8663132214291736,0.6643959057144508,-10.365599999999908,126,185
35.80341458320618,20.024984394500787,-2.8148965585704957,0.5816178699998542,-10.376799999999644,125,184
35.82388114929199,20.024984394500787,-2.840465838572798,0.5867978700003206,-10.398500000000245,125,184
35.84412717819214,20.024984394500787,-2.8644370385718676,0.5916541200001322,-10.408999999999837,125,184
35.86473870277405,19.026297590440446,-2.788611849999861,0.5968341200000096,-10.420199999999571,125,183
35.885138273239136,19.026297590440446,-2.835976440001173,0.6068703700002875,-9.238800000000086,125,183
35.905428647994995,17.029386365926403,-2.659598360000647,0.6120503700001652,-9.248399999999858,125,181
35.92569828033447,17.029386365926403,-2.681820280000122,0.6172303700000425,-9.257999999999631,125,181
35.94621253013611,16.0312195418814,-2.6243545657155405,0.6272666200003205,-9.266999999999282,125,180
35.96645784378052,16.0312195418814,-2.6441545657147723,0.6321228700001321,-9.285599999999798,125,180
35.98670244216919,15.0,-2.5663647600000137,0.5435935214286056,-9.295199999999571,124,179
36.007033824920654,15.0,-2.605162190001088,0.5516188014288279,-9.304799999999343,124,179
36.027175426483154,15.0,-2.625186670000615,0.5557608814287299,-9.32339999999986,124,179
36.04757308959961,14.0,-2.546850281428738,0.5599029614286319,-9.332999999999632,124,178
36.06778120994568,14.0,-2.5646018814280493,0.5637861614284813,-9.341999999999283,124,178
36.08783984184265,12.0,-2.404071230000378,0.477245808571505,-8.150000000000004,123,176
36.10812330245972,12.0,-2.4208443499999817,0.4803512485714316,-8.157499999999713,123,176
36.12851691246033,11.0,-2.3407300642853244,0.48345668857135815,-8.173499999999335,123,175
36.14881086349487,11.0,-2.371148814286167,0.4894734785715248,-8.180999999999953,123,175
36.16908502578735,11.0,-2.3868488142857958,0.49257891857145136,-8.188999999999764,123,175
36.189446449279785,11.0,-2.4015675642852248,0.4954902685713384,-9.407599999999187,123,175
36.209972858428955,11.0,-2.4319863142860667,0.501507058571505,-9.41720000000005,123,175
36.23072361946106,11.0,-2.4476863142856957,0.41110539000002755,-9.426199999999701,122,175
36.25113105773926,11.0,-2.4633863142853247,0.4131751499999786,-9.445399999999248,122,175
36.27150821685791,11.0,-2.4938050642861667,0.4171853100000897,-9.454399999999989,122,175
36.29190540313721,11.0,-2.5095050642857957,0.41925507000004075,-9.463999999999762,122,175
36.31213736534119,10.0,-2.427836549999549,0.4211954699999655,-9.482599999999186,122,174
36.33230996131897,10.0,-2.442468230000866,0.4232652300001518,-9.49220000000005,122,174
36.35291767120361,9.0,-2.3737702057143375,0.42727539000002757,-9.501199999999702,122,173
36.37318754196167,9.0,-2.387338045714017,0.42934514999997864,-8.318799999999285,122,173
36.39379620552063,9.0,-2.400057895715066,0.4312855500001387,-8.326299999999904,122,173
36.414186239242554,9.0,-2.427193575714424,0.43542507000004077,-8.334299999999715,122,173
36.43457007408142,9.0,-2.4399134257139306,0.43736546999996545,-8.349799999999235,122,173
36.45481991767883,9.0,-2.453481265715152,0.43943523000015183,-8.357799999999955,122,173
36.475117206573486,9.0,-2.479768955714338,0.4434453900000276,-8.365299999999664,122,173
36.495834827423096,8.0,-2.397662829999756,0.44551514999997865,-8.381299999999285,122,172
36.51652669906616,8.0,-2.409389230000723,0.44745555000013865,-8.388799999999904,122,172
36.536932706832886,8.0,-2.421897390000427,0.4495253100000897,-8.396799999999715,122,172
36.5572566986084,8.0,-2.4461319499996765,0.45353546999996547,-8.412299999999235,122,172
36.577686071395874,8.0,-2.4586401100008026,0.45560523000015185,-7.218699999999811,122,172
36.5981011390686,7.0,-2.3751052314289574,0.45754563000007653,-7.224699999999578,122,171
36.618181467056274,7.0,-2.3980098714284157,0.4616851499999787,-7.237499999999276,122,171
36.63852381706238,6.0,-2.313802728572077,0.46362555000013866,-7.24349999999977,122,170
36.658958196640015,6.0,-2.324202728571831,0.46569531000008973,-7.249899999999619,122,170
36.67947292327881,5.0,-2.248648629999841,0.3752857942857419,-7.256299999999468,121,169
36.69971013069153,5.0,-2.257999510000683,0.3763205142858351,-7.262299999999235,121,169
36.72023010253906,5.0,-2.2667659600003427,0.37729056428579744,-7.274699999999578,121,169
36.740675926208496,5.0,-2.2854677199999007,0.3793600042857485,-7.281099999999427,121,169
36.76095199584961,5.0,-2.2942341700006237,0.3803300542858285,-7.287499999999276,121,169
36.78178548812866,5.0,-2.3035850500004025,0.381364774285804,-7.299899999999619,121,169
36.80236268043518,5.0,-2.3129359300001813,0.3823994942857795,-7.306299999999468,121,169
36.82252788543701,5.0,-2.331053260000683,0.384404264285835,-7.312299999999235,121,169
36.84299302101135,5.0,-2.339819710000343,0.3853743142857974,-7.324699999999579,121,169
36.863062143325806,5.0,-2.254710064285861,0.3864090342857729,-7.331099999999427,121,168
36.883251667022705,5.0,-2.2708003042863063,0.3884138042858284,-7.337499999999276,121,168
36.903786420822144,5.0,-2.18487555000042,0.3894485242858039,-7.34989999999962,121,167
36.92404055595398,5.0,-2.192136510000249,0.3904832442857794,-7.356299999999468,121,167
36.944234132766724,5.0,-2.2062046200006384,0.3924880142858349,-7.362299999999236,121,167
36.96435356140137,5.0,-2.1190497057146978,0.3001023000001206,-7.374699999999579,120,166
36.98483681678772,5.0,-2.125269225714551,0.3001023000001206,-7.381099999999428,120,166
37.00516748428345,5.0,-2.037634940000143,0.3001023000001206,-7.387499999999276,120,165
37.025264263153076,5.0,-2.0476711900004205,0.3001023000001206,-7.393499999999771,120,165
37.0455539226532,4.123105625617661,-1.9591418414288941,0.2066818657144308,-7.406299999999469,119,164
37.0656521320343,4.123105625617661,-1.9630250414287433,0.20571181571446845,-7.412299999999236,119,164
37.085800886154175,4.123105625617661,-1.9710503214289656,0.20370704571441295,-6.217099999999668,119,164
37.10592985153198,4.123105625617661,-1.9751924014288678,0.20267232571443744,-6.22639999999938,119,164
37.12624764442444,4.123105625617661,-1.9793344814287699,0.20163760571446193,-6.231199999999266,119,164
37.14629292488098,3.605551275463989,-1.8896886885718671,0.10728292000001621,-6.235699999999637,118,163
37.166452169418335,3.605551275463989,-1.8958995685717202,0.10314340000011407,-6.240499999999524,118,163
42.644668102264404,110.42191811411355,-3.1660041428571426,20.841685333333334,2.6860000000011417,232,187
42.66497182846069,110.42191811411355,-3.223975662855772,21.22330965332431,2.6940000000009525,232,187
42.68524169921875,110.42191811411355,-3.251149812854717,21.40219605331737,2.7020000000007633,232,187
42.705580949783325,108.25894882179486,-3.156091390000081,20.94283605333401,2.7175000000011926,230,186
42.72598910331726,108.25894882179486,-3.2100289099984103,21.300886053322916,2.7250000000009016,230,186
42.746379375457764,106.30145812734649,-3.237867629997752,20.850740407604395,2.7330000000007124,228,186
42.7668571472168,106.30145812734649,-3.263966429999904,21.01848600761823,2.7485000000011417,228,186
42.78739404678345,102.77159140540736,-2.9493789099987473,20.443320293324458,2.7565000000009525,225,183
42.807984828948975,102.77159140540736,-2.972297259997858,20.60305154331826,2.7645000000007633,225,183
42.828510761260986,102.77159140540736,-2.996743500000059,20.7734315433336,2.7800000000011926,225,183
42.84900760650635,100.62305898749054,-2.8990787571420675,20.3354178933276,2.7875000000009016,223,182
42.869099617004395,100.62305898749054,-2.9457398771409644,20.665116773319806,2.7955000000007124,223,182
42.889371395111084,98.84331034521254,-3.088195369999997,20.23616753761785,2.8110000000011417,221,183
42.90971088409424,98.84331034521254,-3.112641609999419,20.39561825761408,2.8190000000009525,221,183
42.93036913871765,96.6902270139025,-3.0383074271408756,20.129761630461964,2.8270000000007633,219,182
42.950803995132446,96.6902270139025,-3.0616379871429764,20.283942910475847,2.8425000000011926,219,182
42.97142267227173,94.54099639838793,-2.963688179999311,19.87266084618471,2.8500000000009016,217,181
42.99155950546265,94.54099639838793,-3.0081320199982597,20.17073796617766,2.8580000000007124,217,181
43.01180958747864,94.54099639838793,-3.0289650699999777,20.310461616189183,2.8735000000011417,217,181
43.03235650062561,92.57429448826494,-3.051186989999452,19.91677875904292,2.8815000000009525,215,181
43.05271601676941,92.57429448826494,-3.0942419599981186,20.195817509034278,2.8895000000007633,215,181
43.07293081283569,89.44271909999159,-2.9972991028571627,19.550325440475156,2.9050000000011926,212,180
43.09327149391174,89.44271909999159,-3.0170991028563945,19.67849984047018,2.9125000000009016,212,180
43.113566875457764,89.44271909999159,-3.038219102855895,19.81521920046695,2.9205000000007124,212,180
43.13390922546387,89.44271909999159,-3.0791391028570283,20.080112960474285,2.9360000000011417,212,180
43.15443420410156,87.47571091451616,-3.100259102856529,19.70646724618545,2.9440000000009525,210,180
43.17490553855896,87.47571091451616,-3.121379102856029,19.83846724618233,2.9520000000007633,210,180
43.19525909423828,87.47571091451616,-3.1622991028571628,20.094217246189412,2.9675000000011926,210,180
43.21580743789673,85.5102333057278,-3.182099102856394,19.72034798904192,2.9750000000009016,208,180
43.23600792884827,85.5102333057278,-3.2032191028558947,19.847743829038908,2.9830000000007124,208,180
43.25623178482056,83.54639429682169,-3.244139102857028,19.604636663331217,2.9910000000005232,206,180
43.276676654815674,83.54639429682169,-3.2652591028565285,19.72754098332831,3.0065000000009525,206,180
43.296956300735474,81.39410298049853,-3.1679064399989123,19.37662386332551,3.0145000000007633,204,179
43.31742811203003,81.39410298049853,-3.186679389998184,19.487739063321197,3.0220000000004723,204,179
43.33748650550842,78.44743462982075,-3.2254768199992583,19.016234285714283,3.0300000000011926,201,179
43.35785412788391,78.44743462982075,-3.245501299998785,19.016234285714283,3.0455000000007124,201,179
43.37805533409119,78.44743462982075,-3.2655257799983115,19.016234285714283,4.255100000000485,201,179
43.39849638938904,75.31268153505093,-3.185486705713613,18.358582857142856,4.264100000001227,198,178
43.418901443481445,75.31268153505093,-3.204421745713165,18.358582857142856,4.273700000001,198,178
43.43915033340454,71.386273190299,-3.222173345712476,17.518994285714285,4.292300000000424,194,178
43.45943212509155,71.386273190299,-3.2588599857134923,17.518994285714285,4.301900000001288,194,178
43.479498624801636,67.26812023536856,-3.1606027742844987,16.72,4.310900000000938,190,177
43.49985647201538,67.26812023536856,-3.178454134284076,16.72,4.330100000000485,190,177
43.52017879486084,63.150613615387776,-3.0786532199996586,15.959405714285714,4.339100000001226,186,176
43.54080152511597,63.150613615387776,-3.1121994599988656,15.959405714285714,4.358300000000773,186,176
43.561479806900024,59.22837157984339,-3.127924259998255,15.235017142857144,4.367300000000423,182,176
43.58181667327881,59.22837157984339,-3.1446973799997657,15.235017142857144,4.376900000001287,182,176
43.60231375694275,59.22837157984339,-3.1771952999987585,15.235017142857144,4.395500000000711,182,176
43.62262964248657,59.22837157984339,-3.1939684199983622,15.235017142857144,4.405100000000484,182,176
43.642897605895996,59.22837157984339,-3.2096932199996586,15.235017142857144,4.414100000001226,182,176
43.66346001625061,55.10898293381942,-3.1261160771417735,14.54464,4.433300000000772,178,175
43.68368649482727,55.10898293381942,-3.140834827141202,14.54464,4.433300000000772,178,175
43.70396590232849,51.19570294468082,-3.1565348271426155,13.88608,4.451900000001287,174,175
43.72441267967224,51.19570294468082,-3.1712535771420445,13.88608,4.4609000000009384,174,175
43.74477410316467,46.09772228646444,-3.0860540799984952,13.10428,4.470500000000711,169,174
43.76503562927246,46.09772228646444,-3.0997712799996266,13.10428,4.489100000001226,169,174
43.785151720047,46.09772228646444,-3.11440295999928,13.10428,4.498700000000999,169,174
43.80530405044556,41.23105625617661,-3.142751839998402,12.36448,4.508300000000771,164,174
43.82575273513794,41.23105625617661,-3.1573835199997196,12.36448,4.526900000001287,164,174
43.84626531600952,36.68787265568828,-3.2865651271420058,11.662394285714285,4.535900000000938,159,175
43.866395473480225,36.68787265568828,-3.317965127141263,11.662394285714285,4.545500000000711,159,175
43.88667273521423,32.89376840679705,-3.332683877142477,11.125,5.767200000001313,155,175
43.906922578811646,32.89376840679705,-3.3483838771421057,11.125,5.778400000001048,155,175
43.92730498313904,27.313000567495326,-3.3640838771417343,10.354222857142858,5.789600000000783,149,175
43.9476056098938,27.313000567495326,-3.394502627142577,10.354222857142858,5.811300000001384,149,175
43.9679536819458,27.313000567495326,-3.4092213771420057,10.354222857142858,7.023300000000917,149,175
43.98863625526428,23.706539182259394,-1.4344940476190478,2.4395535714285717,7.036100000000615,145,175
44.009005546569824,23.706539182259394,-1.4649127976198901,2.4912848214300043,7.060900000001302,145,175
44.029412508010864,18.867962264113206,-1.38415876333383,2.014190535715219,7.073700000000999,140,174
44.04955768585205,18.867962264113206,-1.398790443333484,2.035310535714719,7.086500000000697,140,174
44.06984305381775,15.556349186104045,-1.5245949076200407,1.5818007142869908,7.111300000001384,135,175
44.09029841423035,15.556349186104045,-1.5393136576194695,1.5965194642864196,7.123300000000917,135,175
44.11045241355896,15.556349186104045,-1.5550136576190983,1.6122194642860483,7.136100000000615,135,175
44.130887031555176,13.601470508735444,-1.5854324076199409,1.3514683100010052,7.148900000000312,132,175
44.15105986595154,13.601470508735444,-1.6011324076195694,1.3639764700007093,7.173700000000999,132,175
44.17172408103943,13.601470508735444,-1.6168324076191982,1.3764846300004137,7.186500000000697,132,175
44.1921706199646,13.601470508735444,-1.631551157618627,1.3882110299999586,7.198500000000231,132,175
44.212621450424194,11.180339887498949,-1.5645143233336978,1.1244283600004603,7.2233000000009175,129,174
44.23274898529053,11.180339887498949,-1.579146003333352,1.1337792400002393,7.236100000000615,129,174
44.25312614440918,10.198039027185569,-1.593777683333006,0.8604130457143779,7.2489000000003125,126,174
44.273428201675415,10.198039027185569,-1.622126563333791,0.8724633657147116,7.2609000000013015,126,174
44.29395651817322,10.198039027185569,-1.6367582433334449,0.8786828857145645,7.273700000001,126,174
44.31424331665039,9.0,-1.5544923790472371,0.6035513785715944,7.298500000000232,123,173
44.33473181724548,9.0,-1.5807800690479652,0.609568168571761,7.311300000001383,123,173
44.35520887374878,9.0,-1.5943479090476445,0.23887630571464263,7.323300000000918,119,173
44.37536644935608,9.0,-1.6079157490473235,0.23784158571466713,6.145700000000389,119,173
44.39557862281799,8.0,-1.5250278633340049,-0.04348447142851025,6.156200000001254,116,172
44.41586947441101,8.0,-1.550044183333413,-0.05176863142831434,6.167400000000989,116,172
44.43608999252319,8.06225774829855,-1.466509304761568,-0.43121137428515516,6.189100000000317,112,171
44.456244230270386,8.06225774829855,-1.477961624762599,-0.4395160142859029,6.2003000000013255,112,171
44.4765465259552,8.06225774829855,-1.5001504947619118,-0.4556062542854044,6.210800000000918,112,171
44.49712920188904,9.219544457292887,-1.4165933519045228,-0.7481014314279906,6.233200000000388,109,170
44.517394065856934,9.219544457292887,-1.4263433519053268,-0.7588379814288759,6.243700000001255,109,170
44.537720918655396,12.529964086141668,-1.4471433519048351,-1.1694951242852765,6.254900000000989,105,170
44.55819344520569,12.529964086141668,-1.4568933519044567,-1.1842138742847053,6.276600000000316,105,170
44.57858490943909,13.92838827718412,-1.3725728033338702,-1.394150948572027,6.287800000001326,103,169
44.599013328552246,13.92838827718412,-1.38133925333353,-1.4108865985713774,6.298300000000918,103,169
44.61926531791687,16.492422502470642,-1.3045342476188515,-1.7449694557132354,6.320700000000388,100,168
44.63981008529663,16.492422502470642,-1.3123198476194937,-1.764769455714868,6.331200000001254,100,168
44.66029119491577,19.235384061671343,-1.2263950933336076,-2.0862014100000046,6.342400000000989,97,167
44.6804141998291,19.235384061671343,-1.2404632033331717,-2.1335659999985372,6.364100000000317,97,167
44.7006893157959,19.235384061671343,-1.2477241633338256,-2.158012240000738,6.375300000001325,97,167
44.72104001045227,19.235384061671343,-1.2545313133335614,-2.180930589999849,6.385800000000918,97,167
44.74115467071533,19.235384061671343,-1.269053233333218,-2.2298230699986927,6.408200000000388,97,167
44.76144027709961,20.223748416156685,-1.2758603833337794,-2.354065698572098,6.408200000000388,96,167
44.78180456161499,20.223748416156685,-1.2831213433336077,-2.3796349785714934,6.429900000000989,96,167
44.80222296714783,22.090722034374522,-1.1963551490477462,-2.6101022699994068,6.441100000000724,94,166
44.82254123687744,22.090722034374522,-1.20840546904808,-2.6640397900009005,6.451600000000317,94,166
44.84277892112732,22.090722034374522,-1.2142362690478539,-2.6901385899998878,6.473300000000918,94,166
44.86360263824463,24.08318915758459,-1.2204557890477068,-2.925880029999175,6.484500000000653,92,166
44.88383197784424,24.08318915758459,-1.2325061090480407,-2.9842790700007926,6.495700000000388,92,166
44.90412998199463,25.079872407968907,-1.2387256290478934,-3.1195708642857665,6.51740000000099,91,166
44.92437171936035,25.079872407968907,-1.2449451490477466,-3.1508769442850264,6.528600000000725,91,166
44.94486904144287,28.0178514522438,-0.5657916666666666,-3.8072929523809527,6.539100000000317,88,165
44.96516680717468,28.0178514522438,-0.5706479166664782,-3.839971352379685,6.560800000000918,88,165
44.98554730415344,29.017236257093817,-0.5758279166663557,-4.004997706664545,6.572000000000653,87,165
45.00584888458252,29.017236257093817,-0.5858641666666337,-4.07486519666648,6.583200000000389,87,165
45.026036500930786,30.0,-0.47880053238082143,-4.242237219522742,6.593700000001254,86,164
45.04620599746704,30.0,-0.4829426123807235,-4.2795120995218605,6.616100000000725,86,164
45.06661772727966,30.0,-0.4868258123805728,-4.314457299520504,5.425100000000374,86,164
45.08673882484436,31.0,-0.38177403095216805,-4.520313906665428,5.434700000001239,85,163
45.10680365562439,31.0,-0.3848794709520946,-4.5588139066645175,5.453300000000663,85,163
45.126996755599976,31.0,-0.3879849109520212,-4.597313906663607,5.4629000000004355,85,163
45.1473662853241,31.0,-0.39400170095218784,-4.671907656665673,5.4719000000011775,85,163
45.16796517372131,32.0,-0.28510574666642463,-4.844106833807591,5.491100000000724,84,162
45.18820261955261,32.0,-0.2870461466663493,-4.881359633806145,5.500100000000375,84,162
45.20884084701538,32.0,-0.28911590666653564,-4.921095953809723,5.509700000001239,84,162
45.22927260398865,32.0,-0.29312606666641144,-4.998085073807338,5.528300000000662,84,162
45.24972987174988,32.0,-0.29519582666636246,-5.037821393806398,5.537900000000436,84,162
45.26992678642273,32.0,-0.18526873380929962,-5.075074193809471,5.546900000001178,84,161
45.29037690162659,32.0,-0.18733817380925066,-5.154546833807591,5.556500000000951,84,161
45.31052565574646,32.0,-0.07647531666639353,-5.191799633806145,5.5661000000007235,84,160
45.330963373184204,32.0,-0.07647531666639353,-5.231535953809723,5.584700000001239,84,160
45.35143971443176,32.0,-0.07647531666639353,-5.3085250738073375,5.59370000000089,84,160
45.371819496154785,32.0,-0.07647531666639353,-5.348261393806398,5.6033000000006625,84,160
45.39256405830383,32.0,0.03535759047654362,-5.38551419380947,5.621900000001178,84,159
45.412893295288086,32.0,0.03742703047649468,-5.464986833807591,5.631500000000951,84,159
45.433241844177246,32.0,0.03839708047645704,-5.502239633806145,5.641100000000724,84,159
45.453633546829224,31.0,0.039431800476550205,-5.408276776666754,5.659700000001239,85,159
45.4741735458374,31.0,0.04040185047651257,-5.444370526665353,5.668700000000889,85,159
45.49433636665344,31.0,0.15543851333355754,-5.5213705266635325,5.678300000000663,85,158
45.51457405090332,31.0,0.15737891333371756,-5.557464276666509,5.696900000001178,85,158
45.535139322280884,30.0,0.2714500676193584,-5.46347629952277,5.7065000000009505,86,157
45.55569076538086,30.0,0.277466857619172,-5.535696379520532,5.716100000000724,86,157
45.57584190368652,30.0,0.28057229761945157,-5.5729712595238885,5.734700000001239,86,157
45.596031188964844,30.0,0.3955240690478723,-5.607916459522532,5.7437000000008895,86,156
45.616204500198364,30.0,0.40380822904767644,-5.682466219520769,5.753300000000663,86,156
45.63641119003296,29.017236257093817,0.5198701933337911,-5.586175926666415,5.771900000001178,87,155
45.656975507736206,29.017236257093817,0.5250501933336686,-5.622236566665562,5.781500000000951,87,155
45.67710781097412,29.068883707497267,0.6426468561906645,-5.658297206664709,5.791100000000723,87,154
45.6975634098053,29.068883707497267,0.6546971761909982,-5.728164696666644,5.809700000001239,87,154
45.71797251701355,28.284271247461902,0.8858884904764105,-5.631877382379662,5.81870000000089,88,152
45.73855638504028,28.284271247461902,0.8941931304762141,-5.666734342378838,5.828300000000663,88,152
45.759063959121704,27.65863337187866,1.138845987619629,-5.604088840952072,5.8469000000011775,89,150
45.779343605041504,27.65863337187866,1.149245987619383,-5.637752360951277,5.856500000000951,89,150
45.79958510398865,27.65863337187866,1.1596459876191372,-5.67141588095048,5.866100000000723,89,150
45.81975436210632,27.65863337187866,1.1797959876196953,-5.736638950952287,5.884700000001239,89,150
45.840322732925415,27.65863337187866,1.1895459876193168,-5.768198500951063,5.89370000000089,89,150
45.86061358451843,26.92582403567252,1.3137468790476177,-5.67387278666458,5.903300000000662,90,149
45.88099384307861,26.92582403567252,1.3359357490482322,-5.736802786666323,5.921900000001178,90,149
45.90114736557007,26.248809496813376,1.4615696233336506,-5.64233172380844,5.921900000001178,91,148
45.9213604927063,26.248809496813376,1.4740777833333547,-5.6736378038077,5.9411000000007235,91,148
45.941651582717896,25.632011235952593,1.6003347761900042,-5.577112546663746,5.950100000000374,92,147
45.96218490600586,25.632011235952593,1.6266224661907323,-5.635511586665363,5.959700000001239,92,147
45.9822793006897,25.632011235952593,1.6401903061904113,-5.66565302666465,5.96870000000089,92,147
46.00274300575256,25.079872407968907,1.7688048433329226,-5.570815929521108,5.987900000000435,93,146
46.02316093444824,25.079872407968907,1.7971537233337078,-5.626975839522663,5.996900000001178,93,146
46.04372262954712,25.059928172283335,2.043366843333311,-5.531917416664863,6.00650000000095,94,144
46.06426930427551,25.059928172283335,2.059091643332701,-5.55801621666385,6.025100000000374,94,144
46.08447551727295,24.698178070456937,2.209204367619373,-5.487741752379568,6.034700000001239,95,143
46.10473322868347,24.698178070456937,2.227055727618951,-5.514441752378936,6.043700000000889,95,143
46.12524890899658,24.698178070456937,2.244907087618529,-5.541141752378305,6.062900000000435,95,143
46.14587950706482,23.600847442411894,1.7300765714285715,-2.233629666666667,6.071900000001177,97,142
46.16612482070923,23.600847442411894,1.767946651427676,-2.2825221466655106,6.0815000000009505,97,142
46.1866888999939,23.430749027719962,1.8839910299983762,-2.204780260950376,6.100100000000374,98,141
46.20704102516174,23.430749027719962,1.9040155100001792,-2.2281108209524767,6.109700000001238,98,141
46.22711515426636,22.67156809750927,1.9428129399989773,-2.1721800766654282,6.1187000000008895,99,141
46.247584104537964,22.67156809750927,1.962837419998504,-2.1944019966649027,6.137900000000435,99,141
46.26778483390808,21.93171219946131,1.9816103700000518,-2.115816282380821,6.146900000001177,100,141
46.28837728500366,21.93171219946131,2.021659329999105,-2.1580562823798224,6.156500000000951,100,141
46.308475494384766,21.93171219946131,2.0404322799983765,-2.177856282379054,6.175100000000374,100,141
46.32874941825867,20.518284528683193,2.0604567600001795,-2.0017056080950453,6.184700000001238,102,141
46.349106311798096,20.518284528683193,2.079229709999451,-2.019457208094356,6.19370000000089,102,141
46.36964225769043,20.518284528683193,2.119278669998504,-2.057327288093461,6.2129000000004355,102,141
46.39001989364624,20.518284528683193,2.138051620000052,-2.0750788880949247,5.020400000001055,102,141
46.41055464744568,20.615528128088304,2.2569859057138375,-1.9961731052373595,5.0284000000008655,103,140
46.4310417175293,20.615528128088304,2.29790590571257,-2.030760115236288,5.043900000000385,103,140
46.45168495178223,19.209372712298546,2.2201161000000877,-1.9512618066663698,5.051900000001106,104,141
46.471983909606934,19.209372712298546,2.2388890499993592,-1.9669866066657598,5.059400000000815,104,141
46.49236345291138,19.209372712298546,2.2789380099984125,-2.0005328466649663,5.075400000000436,104,141
46.51280617713928,18.601075237738275,2.2977109599999603,-1.9194373109518943,5.075400000000436,105,141
46.533255100250244,18.601075237738275,2.317735439999487,-1.9351373109515229,5.0909000000008655,105,141
46.55362558364868,18.867962264113206,2.456469725712504,-1.8681004766649303,5.098900000000676,106,140
46.57398080825806,18.867962264113206,2.477589725714406,-1.8827321566662478,5.106400000000385,106,140
46.5943067073822,18.35755975068582,2.4973897257136377,-1.8004662923800399,5.121900000000815,107,140
46.61448836326599,18.35755975068582,2.518509725713138,-1.814034132379719,5.129900000000625,107,140
46.63474917411804,17.0,2.4594928699999272,-1.7436544066661044,5.137900000000436,108,141
46.65503215789795,17.0,2.479517349999454,-1.7561625666658087,5.1534000000008655,108,141
46.67540693283081,15.231546211727817,2.4011809614275776,-1.5783339952369912,5.161400000000676,110,142
46.6959753036499,15.231546211727817,2.4378676014285934,-1.5984839952375491,5.168900000000385,110,142
46.71622133255005,15.231546211727817,2.4556192014279046,-1.608233995237171,5.184400000000815,110,142
46.73656988143921,14.866068747318506,2.474554241427457,-1.5239134466655213,5.192400000000625,111,142
46.756972789764404,14.866068747318506,2.5112408814284732,-1.542030776666023,5.200400000000436,111,142
46.777138471603394,13.601470508735444,2.432335098570908,-1.456921130951541,5.2159000000008655,112,143
46.79731011390686,13.601470508735444,2.450186458570486,-1.4652257709513448,5.223900000000676,112,143
46.81784629821777,13.341664064126334,2.4669221085698365,-1.378847206665366,5.231400000000385,113,143
46.83792495727539,13.341664064126334,2.5015091185707945,-1.3929153166657557,5.246900000000815,113,143
46.85836052894592,12.165525060596439,2.4220108099989694,-1.3061491223798944,5.254900000000625,114,144
46.87889075279236,12.165525060596439,2.4387839299985727,-1.3123686423797474,5.262900000000436,114,144
46.89923405647278,12.165525060596439,2.471281849999473,-1.324418962380081,5.2784000000008655,114,144
46.91930794715881,12.165525060596439,2.488054969999076,-1.3306384823799342,5.2784000000008655,114,144
46.939661264419556,12.165525060596439,2.5037797699984656,-1.3364692823797077,5.293900000000385,114,144
46.95998191833496,11.0,2.4383842342850226,-1.1590088480942158,5.301900000001106,116,145
46.980385303497314,11.0,2.454084234284651,-1.163150928094118,5.309400000000815,116,145
47.00082015991211,11.0,2.4697842342842797,-1.0736992252369015,5.325400000000436,117,145
47.0212836265564,11.0,2.484502984285494,-1.0766105752371415,5.332900000001055,117,145
47.041800022125244,10.0,2.4183806299990875,-0.8937943009513784,5.3409000000008655,119,146
47.06253433227539,10.0,2.432097829998555,-0.8947643509513407,5.356400000000385,119,146
47.08310532569885,10.0,2.4467295099998725,-0.8957990709514339,5.364400000001106,119,146
47.103801250457764,10.0,2.475078389998994,-0.8034133566657196,5.371900000000815,120,146
47.12398958206177,10.0,2.4897100699986483,-0.8034133566657196,5.387900000000436,120,146
47.144429206848145,9.0,2.4074442057139827,-0.7100575923799253,5.395400000001055,121,147
47.16456389427185,9.0,2.434579885713341,-0.5189609980943579,5.4034000000008655,123,147
47.18497061729431,9.0,2.447299735712847,-0.5160496480944707,5.418900000000385,123,147
47.205164670944214,9.0,2.4608675757140688,-0.5129442080941913,5.426900000001106,123,147
47.2252881526947,8.0,2.3904878499990323,-0.412361785237297,5.434400000000815,124,148
47.24542164802551,8.0,2.402996009998737,-0.408219705237395,5.450400000000436,124,148
47.26589846611023,8.0,2.414722409999704,-0.4043365052370748,5.457900000001055,124,148
47.28632688522339,8.0,2.4272305699994075,-0.4001944252371728,4.264300000000903,124,148
47.30655789375305,7.280109889280518,2.355148011427292,-0.2026583909518318,4.276700000000519,126,149
47.32680344581604,7.280109889280518,2.366600331428323,-0.19643887095127177,4.283100000001095,126,149
47.34696674346924,7.615773105863909,2.3773368814279063,-0.09664600666582157,4.289100000000863,127,149
47.36712169647217,7.615773105863909,2.4002415214273647,-0.082124086666165,4.301900000000559,127,149
47.387460470199585,7.615773105863909,2.41097807142825,-0.07531693666560368,4.307900000001054,127,149
47.4078643321991,8.602325267042627,2.4224303914279792,0.12063394333417521,4.3143000000009035,129,149
47.42846441268921,8.602325267042627,2.4446192614272917,0.13875127333361392,4.320700000000752,129,149
47.449114084243774,9.219544457292887,2.456071581428323,0.24282270190597877,4.333100000001095,130,149
47.469653844833374,9.219544457292887,2.4668081314279062,0.25257270190560044,4.339100000000863,130,149
47.489792823791504,9.899494936611665,2.4782604514276354,0.3579821647624726,4.345500000000711,131,149
47.51001262664795,9.899494936611665,2.50044932142825,0.3801710347630871,4.35190000000056,131,149
47.53014540672302,11.661903789690601,2.416892178570861,0.6786741433341696,4.357900000001054,134,150
47.550469160079956,11.661903789690601,2.427292178570615,0.6933058233338236,4.370700000000752,134,150
47.57066869735718,11.661903789690601,2.447442178571173,0.7216547033346088,4.376700000000519,134,150
47.5907518863678,13.0,2.3625371999994047,0.9285795033339989,4.383100000001095,136,151
47.61105680465698,13.0,2.3718880799991835,0.9453526233336023,4.395500000000711,136,151
47.63147807121277,14.866068747318506,2.3900054099996852,1.1750678347631895,4.40190000000056,138,151
47.6519730091095,14.866068747318506,2.399356289999464,1.194002874762742,4.407900000001055,138,151
47.672120571136475,16.76305461424021,2.408707169999243,1.4102085890479563,4.4207000000007515,140,151
47.69267702102661,16.76305461424021,2.4174736199989026,1.430008589047188,3.225200000000577,140,151
47.71303057670593,18.681541692269406,2.4355909499994044,1.6725829776198688,3.230000000001009,142,151
47.73337697982788,18.681541692269406,2.444941829999183,1.695913537619317,3.239300000000721,142,151
47.753599882125854,18.681541692269406,2.454292709998962,1.7192440976187653,3.2441000000006075,142,151
47.77416372299194,18.681541692269406,2.4724100399994637,1.7644470576200173,3.2486000000009785,142,151
47.79459547996521,18.681541692269406,2.4817609199992425,1.7877776176194655,4.461400000000676,142,151
47.81486630439758,19.6468827043885,2.4905273699989023,1.9103102533328622,4.467400000000444,143,151
47.83520269393921,19.6468827043885,2.508644699999404,1.957674843334174,4.473800000001019,143,151
47.855493783950806,21.587033144922902,2.517995579999183,2.185603414762114,4.486200000000635,145,151
47.87592267990112,21.587033144922902,2.5273464599989617,2.212303414761483,4.492600000000484,145,151
47.89605975151062,23.345235059857504,2.4417177742853178,2.443563279049438,4.4986000000009785,147,152
47.916587829589844,23.345235059857504,2.458327054284925,2.5015347990480667,4.505000000000828,147,152
47.937111139297485,23.345235059857504,2.466112654284623,2.5287089490470125,4.5174000000004435,147,152
47.95756387710571,24.331050121192877,2.4744172942853706,2.6620361033354407,4.523800000001019,148,152
47.977943658828735,24.331050121192877,2.4905075342848724,2.7204351433336313,4.529800000000787,148,152
47.9981153011322,25.179356624028344,2.4045827799989863,2.8557269376186056,4.542600000000484,149,153
48.01854348182678,25.179356624028344,2.4113899299995474,2.8850763876210257,4.548600000000979,149,153
48.03918170928955,26.1725046566048,0.793087,3.5476666666666667,4.5550000000008275,150,153
48.05974555015564,26.1725046566048,0.7998941499997358,3.578116666665485,4.561400000000676,150,153
48.08014988899231,27.16615541441225,0.8071551100003896,3.7385859009542304,4.57380000000102,151,153
48.10038781166077,27.16615541441225,0.8212232199999537,3.80380897095221,4.579800000000787,151,153
48.120970249176025,27.16615541441225,0.8284841799997821,3.8374724909514137,4.586200000000636,151,153
48.14115118980408,28.160255680657446,0.8352913300003434,3.9980194623826804,4.598600000000979,152,153
48.16169595718384,28.160255680657446,0.8425522900001717,4.032876422381856,4.605000000000827,152,153
48.18211126327515,29.154759474226502,0.8566203999997358,4.231709626665404,4.6114000000006765,153,153
48.202682971954346,29.154759474226502,0.8638813600003896,4.267770266668651,4.62380000000102,153,153
48.22311878204346,29.154759474226502,0.8706885100001255,4.30157711666734,4.629800000000786,153,153
48.243624448776245,29.154759474226502,0.8852104299997821,4.373698396665635,4.636200000000636,153,153
48.26425051689148,29.154759474226502,0.8920175800003434,4.407505246668422,4.648600000000979,153,153
48.28458642959595,29.154759474226502,0.8992785400001717,4.443565886667569,4.655000000000827,153,153
48.30509662628174,29.068883707497267,0.7997460028569413,4.513433376665405,4.661400000000676,153,154
48.325310707092285,29.068883707497267,0.8059655228575013,4.5494940166686515,4.67380000000102,153,154
48.34576082229614,29.068883707497267,0.811796322857275,4.58330086666734,4.679800000000787,153,154
48.366214990615845,29.068883707497267,0.8242353628569808,4.655422146665634,4.686200000000635,153,154
48.38634705543518,29.068883707497267,0.8300661628574617,4.689228996668422,3.495500000000893,153,154
48.40684247016907,30.01666203960727,0.7238690200001963,4.856601019524684,3.500300000000779,154,155
48.42724823951721,30.01666203960727,0.7290490200000738,4.8938758995238025,3.505100000000666,154,155
48.44743275642395,31.0,0.6258685857145818,5.099732506668726,3.5144000000009235,155,156
48.46779942512512,31.0,0.629751785714431,5.135826256667325,3.5189000000007487,155,156
48.48820734024048,32.0,0.6338938657143331,5.308025433809243,3.5237000000006353,156,156
48.50864839553833,32.0,0.6419191457145554,5.385014553811375,3.5285000000005216,156,156
48.529032468795776,32.0,0.6460612257144575,5.424750873810435,3.537800000000779,156,156
48.5497841835022,32.0,0.6502033057143595,5.464487193809496,3.542600000000666,156,156
48.57022976875305,32.0,0.6582285857145818,5.5414763138116285,3.547100000000491,156,156
48.59071707725525,32.0,0.6621117857144311,5.578729113810183,3.551900000000923,156,156
48.611183881759644,32.0,0.6662538657143331,5.618465433809243,3.561200000000635,156,156
48.63145613670349,33.0,0.5612020842859283,5.831569386668585,3.5660000000005216,157,157
48.651695013046265,33.0,0.5643075242858548,5.872553546667616,3.5705000000008926,157,157
48.672008991241455,33.0,0.5674129642857815,5.913537706666647,3.5801000000006655,157,157
48.69209098815918,33.0,0.5703243142856684,5.951960356665156,3.584600000000491,157,157
48.712339639663696,33.0,0.5763411042858351,6.031367166667355,3.589400000000923,157,157
48.73277306556702,33.0,0.5794465442857617,6.072351326666386,3.598700000000635,157,157
48.75290036201477,33.0,0.5825519842856883,6.113335486665417,3.6035000000005217,157,157
48.77320432662964,34.0,0.47559643000008506,6.330148640953397,3.6080000000008927,158,158
48.793633699417114,34.0,0.47766619000003613,6.372392480952398,3.6176000000006656,158,158
48.814056396484375,34.0,0.4796065899999608,6.411996080950861,3.6221000000004913,158,158
48.834285497665405,34.0,0.48361675000007187,6.493843520953129,3.6269000000009233,158,158
48.85459852218628,34.0,0.48568651000002294,6.53608736095213,3.636200000000635,158,158
48.87527370452881,34.0,0.487756269999974,6.578331200951131,3.641000000000522,158,158
48.895533323287964,34.0,0.489696670000134,6.617934800954396,3.645500000000893,158,158
48.91602802276611,34.0,0.49383619000003615,6.702422480952398,3.6551000000006657,158,158
48.93621850013733,34.0,0.4957765899999608,6.742026080950861,3.659600000000491,158,158
48.95696711540222,35.0,0.4978463500001472,6.921810332383352,3.6644000000009234,159,158
48.97724795341492,35.0,0.501856510000023,7.006121962380739,3.6737000000006352,159,158
48.99761891365051,34.0,0.3919940871428556,6.912097230951169,3.6785000000005215,158,159
49.01798748970032,34.0,0.3929641371429356,6.951700830954435,3.683000000000893,158,159
49.03830075263977,34.0,0.39503357714288667,7.036188510952437,3.692600000000666,158,159
49.05887055397034,34.0,0.39600362714284904,7.0757921109509,3.697100000000491,158,159
49.0793297290802,34.0,0.3970383471429422,7.118035950954703,3.7019000000009235,158,159
49.09972333908081,34.0,0.3990431171428801,7.199883390952168,3.7064000000007487,158,159
49.119858741760254,34.0,0.4000778371428556,7.242127230951169,3.7112000000006353,158,159
49.1404869556427,35.0,0.4010478871429356,7.419191752383105,3.7205000000008925,159,159
49.16077494621277,35.0,0.4020826071429111,7.462707432382075,3.725300000000779,159,159
49.18100118637085,35.0,0.29121975000005396,7.547019062379464,3.730100000000666,159,160
49.201502561569214,35.0,0.29121975000005396,7.590534742383381,3.734600000000491,159,160
49.22177815437317,36.0,0.17938684285723444,7.770140456667466,3.7439000000007487,160,161
49.242180824279785,36.0,0.17731740285728337,7.859740456665347,3.748700000000635,160,161
49.262418270111084,35.0,0.17634735285720338,7.762930692382997,3.7580000000008926,159,161
49.28282141685486,35.0,0.17531263285722787,7.806446372381968,3.7628000000007793,159,161
49.30308938026428,35.0,0.17330786285729,7.890758002379356,3.767600000000666,159,161
49.323291301727295,35.0,0.1722731428571968,7.9342736823832745,3.776900000000923,159,161
49.34348702430725,35.0,0.17130309285723444,7.975069632381691,3.781400000000749,159,161
49.36396408081055,35.0,0.17026837285725893,8.018585312380662,3.786200000000635,159,161
49.38417387008667,35.0,0.16826360285720343,8.102896942382998,3.7955000000008927,159,161
49.40443730354309,35.0,0.16722888285722792,8.14641262238197,3.8003000000007794,159,161
49.42490291595459,35.0,0.16619416285725241,8.18992830238094,3.8051000000006656,159,161
49.445144176483154,35.0,0.16418939285719691,8.274239932383274,3.8144000000009233,159,161
49.46577835083008,35.0,0.16321934285723455,8.315035882381693,3.8189000000007485,159,161
49.48606204986572,35.0,0.16218462285725904,8.358551562380663,3.823700000000635,159,161
49.50624132156372,35.0,0.16017985285720354,8.442863192382998,3.828500000000522,159,161
49.526686668395996,35.0,0.15914513285722803,8.48637887238197,3.833000000000893,159,161
49.54676604270935,35.0,0.15811041285725252,8.529894552380942,3.8426000000006657,159,161
49.56730127334595,35.0,0.15714036285729016,8.570690502379357,3.8471000000004913,159,161
49.58764314651489,35.0,0.04223306000003624,8.655002132381693,3.8519000000009234,159,162
49.60819625854492,35.0,0.04016330000008517,8.698517812380665,3.8612000000006352,159,162
49.6284339427948,35.0,-0.07390785428555569,8.742033492379635,3.866000000000522,159,163
49.648518800735474,35.0,-0.07992464428572232,8.82634512238197,3.870500000000893,159,163
49.668720722198486,35.0,-0.0830300842856489,8.869860802380941,3.880100000000666,159,163
49.68892693519592,35.0,-0.08594143428553591,8.910656752379358,3.884600000000491,159,163
49.70939588546753,35.0,-0.09195822428570255,8.994968382381693,3.8894000000009235,159,163
49.72991609573364,35.0,-0.207168875714176,9.038484062380665,3.8987000000006353,159,164
49.75034999847412,35.0,-0.21131095571407804,9.081999742379637,3.9035000000005216,159,164
49.770561933517456,35.0,-0.21519415571439826,9.122795692383,3.908000000000893,159,164
49.79107904434204,35.0,-0.22347831571420237,9.209827052380941,3.917600000000666,159,164
49.81138277053833,35.0,-0.2273615157140517,9.25062300237936,3.922100000000491,159,164
49.832234621047974,35.0,-0.23150359571442464,9.294138682383277,3.9269000000009235,159,164
49.85239386558533,35.0,-0.239528875714176,9.378450312380664,3.9362000000006354,159,164
49.87266659736633,35.0,-0.24367095571407804,9.421965992379636,3.9410000000005216,159,164
49.89290976524353,35.0,-0.24755415571439826,9.462761942383,3.9455000000008926,159,164
49.913442611694336,34.0,-0.25583831571420235,9.410981050952431,3.955100000000666,158,164
49.93367266654968,34.0,-0.25972151571405167,9.450584650950894,3.955100000000666,158,164
49.95385265350342,35.014282800023196,-0.37610723000023233,9.630368902383385,3.964400000000923,159,165
49.97422790527344,35.014282800023196,-0.3809634800000439,9.6711648523818,3.968900000000749,159,165
49.99480104446411,34.058772731852805,-0.5047796628568927,9.619383960951232,3.973700000000635,158,166
50.014922857284546,34.058772731852805,-0.5106104628573735,9.658987560954497,3.9830000000008927,158,166
50.03539729118347,34.058772731852805,-0.5168299828572265,9.701231400953498,3.9878000000007794,158,166
50.05559062957764,34.132096331752024,-0.6424809499996477,9.783078840950962,3.992600000000666,158,167
50.07620859146118,34.132096331752024,-0.6497419100003015,9.825322680954766,4.001900000000924,158,167
50.09673476219177,34.23448553724738,-0.7693503671428565,9.864926280953227,4.006400000000749,158,168
50.117080211639404,34.23448553724738,-0.7859596471424638,9.94941396095123,4.011200000000636,158,168
50.137375354766846,34.23448553724738,-0.7937452471431058,9.989017560954496,4.016000000000522,158,168
50.15782809257507,34.23448553724738,-0.8020498871429094,10.031261400953497,4.0253000000007795,158,168
50.17822861671448,34.23448553724738,-0.8181401271424109,10.11310884095096,4.030100000000666,158,168
50.198861598968506,34.23448553724738,-0.8264447671431586,10.155352680954763,4.034600000000491,158,168
50.21911954879761,34.23448553724738,-0.8342303671428566,10.194956280953228,4.043900000000749,158,168
50.23966026306152,34.23448553724738,-0.8425350071426602,10.237200120952227,4.048700000000635,158,168
50.25995421409607,34.23448553724738,-0.8586252471431058,10.319047560954495,4.053500000000522,158,168
50.28003144264221,33.24154027718932,-0.8669298871429094,10.225066006667811,4.062800000000779,157,168
50.300457239151,33.24154027718932,-0.875234527142713,10.266050166666842,4.067600000000666,157,168
50.32097291946411,33.24154027718932,-0.8913247671431587,10.345456976669041,4.072100000000491,157,168
50.34157872200012,33.24154027718932,-0.8991103671428565,10.38387962666755,4.081400000000749,157,168
50.36198139190674,33.37663853655727,-1.020558389999778,10.424863786666581,4.086200000000636,157,169
50.38213348388672,33.37663853655727,-1.0386757200002799,10.50427059666878,4.0910000000005216,157,169
50.402209758758545,33.37663853655727,-1.0480266000000587,10.545254756667811,4.10030000000078,157,169
50.42238140106201,33.37663853655727,-1.0573774799998377,10.586238916666842,4.105100000000666,157,169
50.44287323951721,33.37663853655727,-1.0661439299994975,10.62466156666535,4.1096000000004915,157,169
50.463547468185425,33.24154027718932,-0.9701370271428005,10.70406837666755,4.118900000000749,157,168
50.48372936248779,33.24154027718932,-0.978441667142604,10.74505253666658,4.123700000000635,157,168
50.50383710861206,32.2490309931942,-0.9867463071424076,10.651091713808498,4.128500000000522,156,168
50.524134397506714,32.2490309931942,-1.0028365471428533,10.72808083381063,4.133000000000893,156,168
50.54446077346802,32.2490309931942,-1.011141187142657,10.767817153809691,4.137800000000779,156,168
50.565213441848755,32.2490309931942,-1.0189267871423549,10.805069953808246,4.147100000000491,156,168
50.5853226184845,32.2490309931942,-1.0350170271428003,10.882059073810378,4.151900000000923,156,168
50.60556721687317,32.14031735997639,-0.9304551299997715,10.921795393809438,4.156400000000749,156,167
50.62587642669678,32.14031735997639,-0.9377160899995998,10.961531713808498,4.166000000000522,156,167
50.64623665809631,31.064449134018133,-0.8319640328572235,10.865162606668617,4.170500000000893,155,166
50.66641902923584,31.064449134018133,-0.8444030728569294,10.942162606666797,4.17530000000078,155,166
50.68686127662659,30.066592756745816,-0.8502338728567032,10.845844949522583,4.184600000000492,154,166
50.707040309906006,30.066592756745816,-0.8564533928572631,10.883119829525938,4.189400000000924,154,166
50.72775411605835,30.01666203960727,-0.7551124999998092,10.955339909523701,4.193900000000749,154,165
50.7481791973114,30.01666203960727,-0.7602924999996867,10.992614789522822,4.203500000000522,154,165
50.76870131492615,30.01666203960727,-0.7651487500000872,10.993737142857142,4.208000000000893,154,165
50.78892207145691,30.01666203960727,-0.7755087499998422,10.993737142857142,4.2128000000007795,154,165
50.80910015106201,30.01666203960727,-0.7803649999996538,10.993737142857142,4.222100000000491,154,165
50.82933187484741,30.01666203960727,-0.7855450000001202,10.993737142857142,4.226900000000923,154,165
50.849863052368164,30.01666203960727,-0.7955812499998092,10.993737142857142,4.231400000000749,154,165
50.87012958526611,29.0,-0.6885176157139969,10.86364,4.241000000000522,153,164
50.8904812335968,29.0,-0.6924008157143172,10.86364,4.245500000000893,153,164
50.910773277282715,28.0,-0.5844376842856724,10.734674285714286,4.250300000000779,152,163
50.93087816238403,28.0,-0.590454474285486,10.734674285714286,4.259600000000491,152,163
50.951231479644775,28.0,-0.5935599142857656,10.734674285714286,4.264400000000924,152,163
50.9718062877655,28.0,-0.5964712642856527,10.734674285714286,4.268900000000749,152,163
50.99197006225586,28.0,-0.6026821442855057,10.734674285714286,4.2785000000005216,152,163
51.01237964630127,28.0,-0.4936568299999515,10.734674285714286,4.283000000000893,152,162
51.032555103302,28.0,-0.49572658999990254,10.734674285714286,4.28780000000078,152,162
51.05336594581604,27.0,-0.4997367499997783,10.606805714285715,4.2971000000004915,151,162
51.07383680343628,27.0,-0.5018065099999647,10.606805714285715,4.3019000000009235,151,162
51.09412622451782,27.0,-0.615683574285566,10.606805714285715,4.306400000000749,151,163
51.11465287208557,27.0,-0.6187890142854926,10.606805714285715,4.311200000000635,151,163
51.13524627685547,27.0,-0.6248058042856592,10.606805714285715,4.316000000000522,151,163
51.15569829940796,27.0,-0.515909849999896,10.606805714285715,4.320500000000893,151,162
51.17589735984802,27.0,-0.517979609999847,10.606805714285715,4.330100000000666,151,162
51.19639539718628,26.0,-0.4090872371427597,10.48,4.334600000000491,150,161
51.21678876876831,26.0,-0.41005728714272205,10.48,4.339400000000923,150,161
51.23725128173828,25.0,-0.0,2.860406714285715,4.348700000000635,149,160
51.257683992385864,25.0,-0.0,2.9210622442873944,4.353500000000522,149,160
51.27814698219299,24.0,-0.0,2.847217970000967,4.358000000000893,148,160
51.29840612411499,24.0,-0.0,2.877359410000255,4.367600000000666,148,160
51.3186354637146,24.0,0.09439048428576982,2.935758450001872,3.1706000000005496,148,159
51.338852405548096,24.0,0.09536053428573217,2.9640160500007755,3.1738000000008375,148,159
51.35917091369629,24.0,0.09639525428570771,2.9941574900000627,3.1800000000006454,148,159
51.37959623336792,23.0,0.1908792999999445,2.919957535713663,3.18320000000057,147,158
51.39969754219055,23.0,0.19488946000005555,2.9761174457152184,3.1862000000008175,147,158
51.419957399368286,23.0,0.19695922000000662,3.005103205714533,3.192600000000666,147,158
51.44032263755798,23.0,0.1988996199999313,3.0322773557134783,3.1956000000005496,147,158
51.460397481918335,22.0,0.2029097800000424,2.9838005900006865,3.198800000000838,146,158
51.48064827919006,22.0,0.20497953999999344,3.0116393100000285,3.2050000000006458,146,158
51.501086473464966,21.0,0.3005564085713485,2.9366678814279683,3.20820000000057,145,157
51.52117896080017,21.0,0.3034677585715886,2.9616991314300325,3.2112000000008174,145,157
51.541619062423706,21.0,0.30967863857144173,3.01509913142877,3.217600000000666,145,157
51.56190252304077,20.0,0.40611898142843394,2.9381131885706964,3.2206000000005495,144,156
51.58231234550476,20.0,0.4102610614288069,2.9636824685729986,3.2238000000008378,144,156
51.602713108062744,19.1049731745428,0.6077970957141479,2.910775630000103,3.2300000000006457,143,154
51.62328243255615,19.1049731745428,0.6140166157140008,2.9352218699995247,2.0316000000006076,143,154
51.6435923576355,19.1049731745428,0.6198474157144817,2.9581402200014146,2.0331000000007315,143,154
51.66400337219238,19.1049731745428,0.6322864557141875,3.0070327000002584,2.0347000000006936,143,154
51.6846079826355,19.1049731745428,0.6381172557139612,3.029951049999369,2.036300000000656,143,154
51.704872608184814,19.1049731745428,0.6443367757145212,3.0543972900015706,2.0394000000007417,143,154
51.72528910636902,19.1049731745428,0.6563870957141479,3.1017618800001028,2.0409000000006836,143,154
51.74564218521118,18.24828759089466,0.7566337699996906,3.0254781542852656,2.0425000000006457,142,153
51.76632833480835,18.24828759089466,0.7634409200002519,3.047350554287069,2.0456000000007317,142,153
51.78667759895325,17.46424919657298,0.8649312742857698,2.9705867600008293,2.047200000000694,141,152
51.80703616142273,17.46424919657298,0.8810215142852713,3.0136417299994953,2.048800000000656,141,152
51.82736086845398,16.492422502470642,0.889326154286019,2.9363760157156826,2.051900000000742,140,152
51.84769248962402,16.492422502470642,0.8971117542857169,2.9561760157149144,2.053400000000684,140,152
51.86786961555481,16.492422502470642,0.9137210342853241,2.9984160157139153,2.055000000000646,140,152
51.88837146759033,16.492422502470642,0.9215066342859661,3.018216015715548,2.0581000000007315,140,152
51.90892744064331,16.492422502470642,0.9298112742857698,3.039336015715049,2.059700000000694,140,152
51.92904543876648,15.524174696260024,0.9459015142852714,2.9803191599995618,2.061300000000656,139,152
51.94946241378784,15.524174696260024,0.9542061542860191,3.0003436400013648,2.0644000000007416,139,152
51.97021269798279,15.524174696260024,0.9619917542857169,3.0191165900006363,2.0659000000006835,139,152
51.99096155166626,15.524174696260024,0.9786010342853242,3.0591655499996895,2.0675000000006456,139,152
52.011072635650635,15.524174696260024,0.9863866342859662,3.0779385000012374,2.0706000000007316,139,152
52.03124809265137,15.524174696260024,0.9946912742857699,3.097962980000764,2.072200000000694,139,152
52.051774978637695,15.524174696260024,1.0029959142855733,3.11798746000029,2.0738000000006562,139,152
52.07240414619446,15.524174696260024,1.019086154286019,3.1567848900013646,2.076900000000742,139,152
52.09261894226074,15.524174696260024,1.0268717542857169,3.175557840000636,2.0784000000006837,139,152
52.11329984664917,15.524174696260024,1.0351763942855206,3.1955823200001623,2.0800000000006458,139,152
52.1334753036499,15.524174696260024,1.0512666342859662,3.234379750001237,2.0816000000006083,139,152
52.15393567085266,14.317821063276353,0.9653418800000801,3.1560433614293606,2.084700000000694,138,153
52.174447536468506,14.317821063276353,0.9726028399999085,3.1749784014289126,2.086300000000656,138,153
52.194852352142334,14.317821063276353,0.986670950000298,3.211665041429929,2.087800000000598,138,153
52.21503567695618,14.317821063276353,0.9934781000000339,3.22941664142924,2.089400000000742,138,153
52.23563361167908,13.341664064126334,1.0007390599998622,3.150510858571675,2.092500000000646,137,153
52.255958557128906,13.341664064126334,1.014807170000252,3.185097868572633,2.094100000000608,137,153
52.27641463279724,13.341664064126334,1.02206813000008,3.2029492285722108,2.095600000000732,137,153
52.296812772750854,13.341664064126334,1.0293290899999084,3.2208005885717883,2.098800000000656,137,153
52.31728196144104,13.341664064126334,1.036136239999644,3.2375362385711393,2.100300000000598,137,153
52.337644815444946,13.341664064126334,1.0502043500000338,3.272123248572097,2.101900000000742,137,153
52.358049392700195,13.341664064126334,1.057465309999862,3.289974608571675,2.105000000000646,137,153
52.37819266319275,12.36931687685298,1.0647262699996904,3.2104762999998497,2.106600000000608,136,153
52.3987934589386,12.36931687685298,1.07879438000008,3.24297422000075,2.108100000000732,136,153
52.41897678375244,12.165525060596439,0.9920281857142187,3.259747340000353,2.1113000000006563,136,154
52.43942666053772,12.165525060596439,0.9978589857139925,3.275472139999743,2.112800000000598,136,154
52.459781646728516,12.165525060596439,1.0099093057143262,3.3079700600006428,2.1144000000007424,136,154
52.48002004623413,11.180339887498949,1.0161288257141792,3.227855774285986,2.1175000000006463,135,154
52.50017189979553,11.180339887498949,1.022348345714032,3.243555774285615,2.1191000000006084,135,154
52.520437479019165,11.180339887498949,1.0281791457145129,3.2582745242868283,2.120600000000732,135,154
52.54071760177612,11.180339887498949,1.0406181857142187,3.2896745242860863,2.1238000000006565,135,154
52.56085014343262,11.180339887498949,1.0464489857139925,3.304393274285515,2.125300000000598,135,154
52.58108854293823,11.180339887498949,1.0526685057145526,3.3200932742869282,2.126900000000742,135,154
52.60132718086243,11.180339887498949,1.0647188257141793,3.350512024285986,2.128400000000684,135,154
52.621729612350464,11.180339887498949,1.070938345714032,3.366212024285615,2.131600000000608,135,154
52.64197826385498,11.180339887498949,1.076769145714513,3.3809307742868286,2.133100000000732,135,154
52.66216206550598,10.198039027185569,1.0892081857142188,3.314808420000422,2.134700000000694,134,154
52.682536363601685,10.198039027185569,1.0950389857139926,3.32852561999989,2.137800000000598,134,154
52.70291209220886,9.219544457292887,1.1012585057145525,3.2471077457153976,2.1394000000007423,133,154
52.72302794456482,9.219544457292887,1.1070893057143265,3.2598275957149037,2.140900000000684,133,154
52.74363589286804,9.219544457292887,1.1195283457140324,3.286963275714262,2.142500000000646,133,154
52.76377058029175,9.219544457292887,1.1253591457145131,3.299683125715311,2.1441000000006083,133,154
52.78416180610657,9.219544457292887,1.131578665714366,3.3132509657149907,2.1472000000006943,133,154
52.80461573600769,8.06225774829855,1.0488006299997694,3.2428712399999537,2.1488000000006564,132,155
52.82512664794922,8.06225774829855,1.0539806300002357,3.25537940000108,2.1503000000005983,132,155
52.845272064208984,8.0,0.9651924014286566,3.267105800000625,2.1534000000006843,132,156
52.86548089981079,8.0,0.9734765614284606,3.292122120000033,2.1550000000006464,132,156
52.885693311691284,8.0,0.8838307685715578,3.303848520001,2.1566000000006085,132,157
52.90587401390076,8.0,0.8869362085714845,3.316356680000704,2.1597000000006945,132,157
52.92627835273743,8.0,0.8900416485714109,3.328864840000408,2.1613000000006566,132,157
52.94646906852722,8.0,0.8960584385715775,3.353099400001079,2.1628000000005985,132,157
52.96679401397705,8.0,0.8989697885714647,3.364825800000624,2.165900000000684,132,157
52.98699235916138,7.0,0.8085681199999872,3.2820066914289248,2.167500000000646,131,158
53.007211208343506,7.0,0.8125782800000982,3.3041955614295393,2.1691000000006087,131,158
53.027310848236084,7.0,0.8146480400000493,3.3156478814292685,2.1722000000006947,131,158
53.047534704208374,7.0,0.8167178000000004,3.3271002014289977,2.1738000000006568,131,158
53.067747831344604,6.0,0.8186581999999252,3.242893058571476,2.1753000000005986,130,158
53.08831715583801,6.0,0.8226683600000362,3.263043058572034,2.1784000000006842,130,158
53.10861611366272,6.0,0.8247381199999873,3.273443058571788,2.1800000000006463,130,158
53.129005432128906,6.0,0.8268078799999383,3.2838430585715424,2.181600000000609,130,158
53.14935755729675,6.0,0.8308180400000496,3.3039930585721002,2.1847000000006944,130,158
53.169753074645996,6.0,0.7394384742857393,3.3143930585718544,2.1863000000006565,130,159
53.190096855163574,6.0,0.7404085242857016,3.324143058571476,2.1878000000005984,130,159
53.21021032333374,6.0,0.6480228099999873,3.344293058572034,2.1909000000006844,130,160
53.230581760406494,6.0,0.6480228099999873,3.354693058571788,2.1925000000006465,130,160
53.25101923942566,5.0,0.4611530500000362,3.2703725100001386,2.1941000000006086,129,162
53.27114748954773,5.0,0.45921264999987615,3.2791389600008616,2.1956000000007325,129,162
53.29152965545654,5.0,0.36053034142859447,3.297840720000419,2.1972000000006946,129,163
53.31205940246582,5.0,0.3576189914287074,3.306607170000079,2.2003000000005986,129,163
53.33272862434387,5.0,0.35451355142842783,3.315958050000921,3.4035000000008866,129,163
53.35299253463745,5.0990195135927845,0.2539311285715336,3.3340753800003595,3.4065000000007704,129,164
53.373533964157104,5.0990195135927845,0.2497890485716316,3.3434262600001383,3.4129000000006187,129,164
53.39404273033142,5.385164807134504,0.15226136999980255,3.3521927100008613,3.4159000000008666,129,165
53.41455030441284,5.385164807134504,0.14190137000004754,3.370894470000419,3.4191000000007907,129,165
53.4350688457489,5.830951894845301,0.043256284285988045,3.2852657842858313,3.422300000000715,128,166
53.45517039299011,5.830951894845301,0.037036764285428014,3.293570424286579,3.428500000000887,128,166
53.47548055648804,5.656854249492381,0.024986444285801324,3.214452820000429,3.4315000000007703,127,166
53.49599623680115,5.656854249492381,0.018766924285948394,3.2217137800002567,3.437900000000619,127,166
53.51616811752319,5.656854249492381,0.012936124285467532,3.228520930000818,3.4409000000008665,127,166
53.53652095794678,5.656854249492381,0.006716604285614602,3.2357818900006468,3.444100000000791,127,166
53.556681871414185,5.656854249492381,-0.005333715714012088,3.249850000000211,3.4473000000007152,127,166
53.57689332962036,5.830951894845301,-0.10558039000038022,3.1630838057150563,3.453500000000887,126,167
53.59737205505371,5.830951894845301,-0.11238754000011608,3.16891460571483,3.45650000000077,126,167
53.6179141998291,5.385164807134504,-0.22218253428543766,3.0864603200002994,3.4597000000006948,125,168
53.638498067855835,5.385164807134504,-0.22996813428607965,3.0913165700007,3.4659000000008664,125,168
53.65884876251221,5.385164807134504,-0.23827277428588323,3.0964965700005775,3.469100000000791,125,168
53.679428577423096,5.385164807134504,-0.2543630142853847,3.1065328200002664,3.4723000000007156,125,168
53.69964361190796,5.385164807134504,-0.2626676542861325,3.111712820000733,3.4785000000008868,125,168
53.720014333724976,5.385164807134504,-0.27045325428583034,3.1165690700005446,3.4815000000007705,125,168
53.74024772644043,5.385164807134504,-0.2870625342854376,3.1269290700003,3.4847000000006947,125,168
53.760807037353516,6.082762530298219,-0.4838982485719557,3.1317853200007004,3.4909000000008668,125,170
53.78096914291382,6.082762530298219,-0.49429824857170973,3.136965320000578,3.494100000000791,125,170
53.80151391029358,7.0710678118654755,-0.5997077114285818,3.1421453200004557,3.4973000000007155,125,171
53.82184386253357,7.0710678118654755,-0.6218965814291963,3.1521815700007334,3.500300000000599,125,171
53.84213042259216,8.0,-0.7278944100001699,3.0633933414291543,3.503500000000887,124,172
53.8622989654541,8.0,-0.7404025699998742,3.0675354214290564,3.509700000000695,124,172
53.88273310661316,8.0,-0.7646371300005453,3.0755607014292785,3.512900000000619,124,172
53.903067111968994,10.0,-0.9688688100001993,3.0797027814291806,3.515900000000867,124,174
53.923630714416504,10.0,-0.9835004899998533,3.0838448614290828,3.5223000000007154,124,174
53.94384694099426,12.0,-1.2071984100007536,2.9973045085721064,3.525300000000599,123,176
53.96443581581116,12.0,-1.2229232100001435,3.0002158585719934,3.5285000000008875,123,176
53.984907150268555,13.0,-1.3370459985711496,2.909814190000516,3.5347000000006954,122,177
54.0052695274353,13.0,-1.3548973585707276,2.911883950000467,3.5379000000006195,122,177
54.025388956069946,14.0,-1.4883411414288865,2.915894110000578,3.540900000000867,122,178
54.04547619819641,14.0,-1.5072761814284388,2.9179638700005293,3.5473000000007158,122,178
54.06603980064392,14.0,-1.52502778142775,2.919904270000454,3.5503000000005995,122,178
54.08629131317139,15.0,-1.6610966400002531,2.8294947542862237,3.5535000000008874,121,179
54.10643720626831,15.0,-1.6811211199997798,2.830529474286199,3.5597000000006953,121,179
54.1269052028656,16.0,-1.8000554057135654,2.8315641942861745,3.56290000000062,121,180
54.14742350578308,16.0,-1.8409754057146988,2.83356896428623,3.565900000000867,121,180
54.16769981384277,17.0,-1.9615830399998875,2.8346036842862055,3.572300000000716,121,181
54.18782067298889,17.0,-1.982416089999079,2.835573734286168,3.5753000000005994,121,181
54.20846915245056,17.0,-2.00463801000108,2.836608454286261,3.5785000000008873,121,181
54.2287654876709,17.0,-2.047692979999746,2.838613224286199,3.584700000000695,121,181
54.24909782409668,17.0,-2.0699148999992207,2.8396479442861744,3.58790000000062,121,181
54.2694194316864,17.0,-2.0907479500009387,2.840617994286254,3.5909000000008673,121,181
54.289538860321045,17.0,-2.1351917899998876,2.8426874342862054,3.5941000000007914,121,181
54.30988812446594,18.0,-2.2560499042847533,2.843657484286168,3.597300000000716,121,182
54.33028984069824,18.0,-2.279380464286854,2.844692204286261,3.6035000000008877,121,182
54.35065507888794,18.0,-2.3245834242854535,2.7523064900005467,3.6065000000007714,120,182
54.37075638771057,18.0,-2.3479139842849017,2.7523064900005467,3.6097000000006956,120,182
54.390902280807495,18.0,-2.3697863842867055,2.6589507257147527,3.6159000000008676,119,182
54.4114294052124,18.0,-2.3931169442861537,2.6579160057147773,3.619100000000792,119,182
54.4316041469574,18.0,-2.438319904284753,2.6559112357148393,3.622300000000716,119,182
54.45206832885742,18.0,-2.461650464286854,2.6548765157147463,4.831600000000973,119,182
54.472357988357544,18.0,-2.483522864286005,2.6539064657147837,4.836100000000799,119,182
54.49250555038452,18.0,-2.5301839842849017,2.557352660000596,4.840900000000685,118,182
54.51268696784973,18.0,-2.5520563842867054,2.555412260000436,4.850200000000942,118,182
54.532952308654785,19.0,-2.676116910000413,2.553342500000485,4.855000000000829,118,183
54.553459882736206,19.0,-2.723481499998946,2.549332340000609,4.859800000000716,118,183
54.573885917663574,19.0,-2.7479277400011473,2.4537554714289014,4.869100000000973,117,183
54.59436011314392,19.0,-2.7708460900002576,2.4508441214290144,4.873600000000799,117,183
54.61472153663635,19.0,-2.79529232999968,2.354144898571969,4.878400000000685,116,183
54.635387897491455,19.0,-2.8426569200009917,2.346119618571747,4.887700000000943,116,183
54.65567350387573,19.0,-2.8671031600004135,2.341977538571845,4.89250000000083,116,183
54.67581295967102,19.0,-2.8915493999998354,2.3378354585719427,4.897300000000715,116,183
54.69641613960266,19.0,-2.938913990001147,2.3298101785717207,4.9066000000009735,116,183
54.71677589416504,19.0,-2.961832340000258,2.3259269785718715,4.911100000000799,116,183
54.73700451850891,19.0,-2.98627857999968,2.3217848985719693,4.915900000000685,116,183
54.75713539123535,19.0,-3.0336431700009916,2.3137596185717473,4.920700000000572,116,183
54.77742099761963,19.0,-3.0580894100004135,2.309617538571845,4.925200000000943,116,183
54.798068046569824,19.0,-3.0825356499998353,2.305475458571943,4.934800000000715,116,183
54.818522214889526,19.0,-3.129900240001147,2.297450178571721,4.939300000000541,116,183
54.838772773742676,19.0,-3.152818590000258,2.2935669785718718,4.944100000000973,116,183
54.859193325042725,20.024984394500787,-3.278659298571082,2.195715550000566,4.953400000000685,115,184
54.87956261634827,20.024984394500787,-3.304228578570477,2.1905355500006882,4.958200000000572,115,184
54.899930238723755,20.024984394500787,-3.3537690585718494,2.1804993000004105,4.962700000000942,115,184
54.92013335227966,20.024984394500787,-3.3793383385712445,2.175319300000533,4.972300000000716,115,184
54.94021964073181,20.024984394500787,-3.4033095385703143,2.170463050000721,4.976800000000541,115,184
54.960373640060425,20.024984394500787,-3.452850018571686,2.1604268000004434,4.981600000000973,115,184
54.98075580596924,20.024984394500787,-3.478419298571082,2.155246800000566,4.990900000000685,115,184
55.00111484527588,19.1049731745428,-3.4025941099990753,2.0562129942864273,4.995700000000571,114,183
55.02140188217163,19.1049731745428,-3.449958700000387,2.0441626742860937,5.000200000000943,114,183
55.04146766662598,19.235384061671343,-3.474404939999809,1.943916000000551,5.009800000000715,113,183
55.06185698509216,19.235384061671343,-3.4973232899989197,1.9371088500008151,5.01430000000054,113,183
55.082191705703735,18.24828759089466,-3.421039564286734,1.9298478900001614,5.019100000000973,113,182
55.10268592834473,18.24828759089466,-3.4662425242853336,1.9157797800005973,5.028400000000685,113,182
55.12293767929077,18.439088914585774,-3.489573084284782,1.8142894257150792,5.033200000000571,112,182
55.14348530769348,18.439088914585774,-3.5114454842865856,1.806503825714437,5.037700000000942,112,182
55.163941621780396,18.439088914585774,-3.5581066042854825,1.7898945457148296,5.047300000000715,112,182
55.18441438674927,18.439088914585774,-3.579979004284634,1.7821089457151316,5.05180000000054,112,182
55.20467925071716,18.439088914585774,-3.603309564286734,1.7738043057143837,5.056600000000973,112,182
55.225534439086914,19.6468827043885,-3.7502884399995526,1.6622726900006595,5.065900000000685,111,183
55.245765686035156,19.6468827043885,-3.774734679998975,1.6529218100008807,5.065900000000685,111,183
55.266167640686035,19.6468827043885,-3.7976530300008644,1.6441553600001577,5.075200000000942,111,183
55.286277532577515,19.6468827043885,-3.8220992700002867,1.634804480000379,5.080000000000829,111,183
55.3064169883728,19.6468827043885,-3.8694638599988194,1.6166871500009403,5.084800000000715,111,183
55.32707905769348,19.6468827043885,-3.8939101000010203,1.6073362700000984,5.094100000000973,111,183
55.347296714782715,19.6468827043885,-3.916828450000131,1.5985698200004386,5.098600000000798,111,183
55.36774516105652,18.681541692269406,-3.8638752842847417,1.579868060000881,5.1034000000006845,111,182
55.38818359375,18.681541692269406,-3.885747684286545,1.571101610000158,5.112700000000942,111,182
55.40847158432007,18.973665961010276,-3.9090782442859933,1.4670301814289757,5.117500000000828,110,182
55.428693771362305,18.973665961010276,-3.9542812042845927,1.4468801814296,5.122300000000715,110,182
55.449159383773804,18.384776310850235,-3.8775174100008796,1.3414707185714256,5.131600000000972,109,181
55.46963882446289,18.384776310850235,-3.8983504600000707,1.3307341685718423,5.136100000000798,109,181
55.48999309539795,17.88854381999832,-3.8210847457138573,1.2239545800007097,5.140900000000684,108,180
55.510265827178955,17.88854381999832,-3.862004745714991,1.1997200200000386,5.150200000000941,108,180
55.530569553375244,17.88854381999832,-3.8831247457144915,1.1872118600003345,5.155000000000828,108,180
55.5512011051178,18.35755975068582,-3.904244745713992,1.0790297342863695,5.159800000000715,107,180
55.571537017822266,18.35755975068582,-3.9451647457151253,1.0527420442856414,6.372200000001058,107,180
55.591766357421875,18.027756377319946,-3.866123410000111,0.9440391300004594,6.378200000000826,106,179
55.612332820892334,18.027756377319946,-3.886147889999638,0.9294074500008054,6.384600000000674,106,179
55.63276529312134,17.804493814764857,-3.8255631014292257,0.8036029857142486,6.397000000001017,105,178
55.65310883522034,17.804493814764857,-3.8444981414287778,0.78790298571462,6.403400000000866,105,178
55.673468828201294,17.029386365926403,-3.7655923585712126,0.7722029857149915,6.409800000000715,105,177
55.693647623062134,17.029386365926403,-3.8001793685721705,0.7417842357141491,6.415800000000482,105,177
55.713815450668335,17.029386365926403,-3.816915018571521,0.7270654857147201,6.422200000001058,105,177
55.7343065738678,16.97056274847714,-3.737416709999696,0.6144780800008309,6.4282000000008255,104,176
55.75463795661926,16.97056274847714,-3.7541898299992993,0.5977049600012276,6.441000000000523,104,176
55.77497339248657,16.97056274847714,-3.7866877500001994,0.5652070400003275,6.447000000001017,104,176
55.795376777648926,16.97056274847714,-3.8034608699998027,0.5484339200007242,6.459800000000715,104,176
55.81588673591614,17.69180601295413,-3.8191856699991926,0.43542684142994537,6.465800000000482,103,176
55.836464643478394,17.69180601295413,-3.8516835900000927,0.4008398314289874,6.472200000001058,103,176
55.85688781738281,17.69180601295413,-3.868456709999696,0.3829884714294096,6.478200000000825,103,176
55.87721014022827,17.69180601295413,-3.8852298299992993,0.36513711142983185,6.491000000000523,103,176
55.89766240119934,17.69180601295413,-3.9177277500001995,0.33055010142887387,6.497000000001018,103,176
55.91814112663269,17.029386365926403,-3.837613464285542,0.3126987414292961,6.503400000000866,103,175
55.93840551376343,17.029386365926403,-3.852332214284971,0.2959630914299456,6.515800000000482,103,175
55.95874571800232,17.029386365926403,-3.868032214286385,0.27811173142833834,6.5222000000010585,103,175
55.97912907600403,17.029386365926403,-3.8984509642854426,0.24352472142940984,6.528200000000825,103,175
55.999398946762085,17.804493814764857,-3.914150964285071,0.1278325385727146,6.541000000000523,102,175
56.01977729797363,17.804493814764857,-3.928869714286285,0.11008093857125067,6.547000000001018,102,175
56.03998041152954,18.027756377319946,-3.8627473599998785,-0.027239449999231002,6.553400000000867,101,174
56.06024670600891,18.027756377319946,-3.8764645599993464,-0.046012399998502485,6.565800000000483,101,174
56.08069157600403,18.027756377319946,-3.891096240000664,-0.0660368800003055,6.572200000001058,101,174
56.100934743881226,18.867962264113206,-3.9194451199997857,-0.20477116571332288,6.578200000000825,100,174
56.12122583389282,18.867962264113206,-3.9340767999994397,-0.22589116571282353,6.591000000000523,100,174
56.14161801338196,18.867962264113206,-3.9477940000005707,-0.24569116571445626,6.597000000001017,100,174
56.16198515892029,18.867962264113206,-3.9624256800002247,-0.2668111657139569,6.603400000000867,100,174
56.18244767189026,19.72308292331602,-3.9907745599993465,-0.4082518499983374,6.615800000000482,99,174
56.20256948471069,19.72308292331602,-4.005406240000664,-0.43047377000033826,6.622200000001058,99,174
56.22312879562378,19.72308292331602,-4.019123440000132,-0.4513068199995298,6.628200000000826,99,174
56.24366497993469,19.72308292331602,-4.04838679999944,-0.4957506599984789,6.641000000000523,99,174
56.26414942741394,19.72308292331602,-4.062104000000571,-0.5165837100001969,6.647000000001018,99,174
56.28451991081238,20.591260281974,-4.076735680000224,-0.6388999842853595,6.653400000000866,98,174
56.30462670326233,20.591260281974,-4.105084559999346,-0.684102944283959,6.659800000000715,98,174
56.324798822402954,21.02379604162864,-4.023666685714854,-0.8081634700004461,6.665800000000482,97,173
56.34531307220459,21.02379604162864,-4.03638653571436,-0.8310818199995567,6.6782000000008255,97,173
56.365710973739624,21.93171219946131,-4.063522215713719,-0.9824918085697758,6.684600000000675,96,173
56.38606262207031,21.93171219946131,-4.0762420657147675,-1.0064630085717525,6.691000000000523,96,173
56.406269550323486,21.93171219946131,-4.089809905714447,-1.032032288571148,6.703400000000866,96,173
56.426753997802734,21.93171219946131,-4.103377745714126,-1.0576015685705433,6.709800000000715,96,173
56.44724440574646,21.93171219946131,-4.129665435714855,-1.1071420485719154,6.715800000000482,96,173
56.467867851257324,21.93171219946131,-4.142385285714361,-1.1311132485709852,6.728200000000825,96,173
56.48807621002197,21.93171219946131,-4.15595312571404,-1.1566825285703806,6.7346000000006745,96,173
56.508726358413696,22.847319317591726,-4.182240815714768,-1.3093709214289564,6.741000000000523,95,173
56.529348850250244,22.847319317591726,-4.195808655714448,-1.336070921428325,6.753400000000866,95,173
56.5497989654541,23.259406699226016,-4.305426049999816,-1.3627709214276937,6.759800000000715,95,174
56.57021999359131,23.259406699226016,-4.333774930000601,-1.4145021714291266,6.765800000000482,95,174
56.59040713310242,23.769728648009426,-4.251509065714393,-1.5422723999995425,6.778200000000826,94,173
56.61084485054016,23.769728648009426,-4.265076905714072,-1.570111119998884,6.784600000000674,94,173
56.63108801841736,23.769728648009426,-4.2913645957148,-1.624048640000378,6.791000000000523,94,173
56.65155076980591,23.769728648009426,-4.30493243571448,-1.6518873599997197,6.803400000000867,94,173
56.67181396484375,23.769728648009426,-4.318500275714158,-1.6797260799990614,6.809800000000715,94,173
56.69206762313843,23.40939982143925,-4.235612389999417,-1.7058248799980487,6.815800000000483,94,172
56.712422609329224,23.40939982143925,-4.259846950000089,-1.7597623999995426,6.828200000000825,94,172
56.732656478881836,23.40939982143925,-4.272355109999793,-1.7876011199988842,6.834600000000674,94,172
56.75291585922241,23.40939982143925,-4.284863269999497,-1.8154398399982261,6.841000000000523,94,172
56.773098945617676,23.40939982143925,-4.309097830000168,-1.8693773599997199,5.645500000000894,94,172
56.793405055999756,23.40939982143925,-4.321605989999872,-1.8972160799990616,5.65030000000078,94,172
56.8138427734375,22.47220505424423,-4.333332389999417,-1.8205759014266616,5.659600000000492,95,172
56.834221601486206,22.47220505424423,-4.357566950000088,-1.8723071514280942,5.664400000000924,95,172
56.85446882247925,22.47220505424423,-4.370075109999792,-1.899007151427463,5.6689000000007495,95,172
56.875028133392334,22.135943621178654,-4.2872560014280925,-1.9257071514268316,5.678500000000523,95,171
56.895273208618164,22.135943621178654,-4.297992551428978,-1.9507384014288958,5.683000000000893,95,171
56.91576647758484,22.135943621178654,-4.320897191428436,-2.0041384014276327,5.687800000000781,95,171
56.936288356781006,22.135943621178654,-4.3316337414280195,-2.0291696514266615,5.697100000000493,95,171
56.9565544128418,22.135943621178654,-4.343086061429052,-2.0558696514290657,5.701900000000924,95,171
56.97667098045349,22.135943621178654,-4.365274931428363,-2.107600901427463,5.70640000000075,95,171
56.99678111076355,21.840329667841555,-4.281717788570975,-2.1343009014268315,5.716000000000523,95,170
57.01689028739929,21.840329667841555,-4.291467788571779,-2.1593321514288957,5.720500000000894,95,170
57.03742551803589,21.840329667841555,-4.312267788571288,-2.212732151427633,5.7253000000007805,95,170
57.05778765678406,20.8806130178211,-4.322017788570909,-2.1357462085695595,5.734600000000492,96,170
57.078120470047,20.8806130178211,-4.332417788571846,-2.1613154885718617,5.739400000000924,96,170
57.09831261634827,20.615528128088304,-4.247512810000076,-2.1852866885709314,5.74390000000075,96,169
57.1187686920166,20.615528128088304,-4.266214569999634,-2.2364252485697222,5.753500000000523,96,169
57.13938665390015,19.6468827043885,-4.274981020000357,-2.159072170000184,5.758000000000894,97,169
57.15963649749756,19.6468827043885,-4.284331900000136,-2.1835184099996057,5.76280000000078,97,169
57.18003535270691,19.4164878389476,-4.207007854285352,-2.2308829999981383,5.767600000000668,97,168
57.20064663887024,19.4164878389476,-4.215312494286099,-2.2553292400003393,5.772100000000492,97,168
57.22082877159119,19.4164878389476,-4.223098094285797,-2.27824758999945,5.781400000000749,97,168
57.241138219833374,19.6468827043885,-4.335214139999641,-2.327140069998294,5.786200000000637,97,169
57.261674642562866,19.6468827043885,-4.343980590000363,-2.3500584200001837,5.791000000000523,97,169
57.28203225135803,18.681541692269406,-4.353331470000143,-2.273774694285346,5.800300000000781,98,169
57.302441120147705,18.681541692269406,-4.362682349999921,-2.2971052542847947,5.805100000000667,98,169
57.32282066345215,18.681541692269406,-4.380799680000423,-2.3423082142860467,5.809600000000493,98,169
57.34329438209534,18.681541692269406,-4.389566130000083,-2.364180614285198,5.81890000000075,98,169
57.363404273986816,17.72004514666935,-4.398917009999861,-2.287416819998958,5.8237000000006365,99,169
57.38368272781372,17.72004514666935,-4.417034340000363,-2.3304717900001504,5.828500000000523,99,169
57.40431880950928,17.72004514666935,-4.426385220000142,-2.352693709999625,5.837800000000781,99,169
57.42443370819092,17.46424919657298,-4.34127557428566,-2.374915629999099,5.842600000000667,99,168
57.444777727127075,17.46424919657298,-4.357365814286106,-2.4179706000002916,5.847100000000493,99,168
57.465192556381226,17.46424919657298,-4.365151414285804,-2.438803649999483,5.85640000000075,99,168
57.485379219055176,17.46424919657298,-4.373456054285607,-2.4610255699989576,5.861200000000636,99,168
57.505778551101685,17.26267650163207,-4.294338450000283,-2.5040805400001505,5.866000000000524,99,167
57.52600693702698,17.26267650163207,-4.301599410000111,-2.526302459999625,5.875300000000781,99,167
57.54626393318176,16.278820596099706,-4.308860369999939,-2.449036745713411,5.880100000000668,100,167
57.566739320755005,16.278820596099706,-4.315667519999675,-2.4688367457126428,5.884600000000493,100,167
57.586843729019165,16.278820596099706,-4.329735630000065,-2.509756745713776,5.89390000000075,100,167
57.60723924636841,15.297058540778355,-4.336996589999893,-2.4319669399990174,5.898700000000637,101,167
57.627554416656494,15.297058540778355,-4.344257549999721,-2.451991419998544,5.903500000000523,101,167
57.64804196357727,14.142135623730951,-4.263322155714341,-2.391406631428131,5.9128000000007805,102,166
57.66822361946106,14.142135623730951,-4.269541675714193,-2.4103416714276835,5.9128000000007805,102,166
57.688655376434326,14.142135623730951,-4.275372475713967,-2.4280932714269947,5.922100000000492,102,166
57.70919442176819,14.142135623730951,-4.2874227957143,-2.4647799114280105,5.926900000000925,102,166
57.72944188117981,13.038404810405298,-4.199788509999892,-2.3858741285704457,5.93140000000075,103,165
57.74998950958252,13.038404810405298,-4.20496850999977,-2.403725488570023,5.941000000000523,103,165
57.77008318901062,13.038404810405298,-4.209824760000171,-2.4204611385714037,5.945500000000894,103,165
57.790647983551025,13.038404810405298,-4.220184759999926,-2.456163858570559,4.748700000000818,103,165
57.81103849411011,13.038404810405298,-4.225041009999737,-2.4728995085699097,4.754900000000626,103,165
57.83113980293274,13.038404810405298,-4.230221010000204,-2.490750868571517,4.7581000000009155,103,165
57.851534843444824,13.038404810405298,-4.2402572599998924,-2.5253378785704457,4.761100000000798,103,165
57.872183084487915,13.0,-4.151727911428366,-2.5431892385700237,4.767500000000647,103,164
57.89233684539795,13.0,-4.155611111428686,-2.5599248885714037,5.972000000001017,103,164
57.9124014377594,12.0,-4.1638952714284905,-2.497199699999182,5.976800000000905,104,164
57.932692766189575,12.0,-4.16777847142834,-2.5129244999985714,5.986100000000617,104,164
57.952841997146606,12.0,-4.1719205514287125,-2.529697620000082,5.990900000001048,104,164
57.97327733039856,12.0,-4.082274758571457,-2.5454224199994715,5.995400000000874,104,163
57.993592262268066,12.0,-4.08848563857131,-2.5789686599986785,6.005000000000647,104,163
58.013948917388916,12.0,-4.09139698857155,-2.594693459999975,6.009500000001018,104,163
58.034419298172,12.0,-4.094502428571476,-2.611466579999578,6.014300000000905,104,163
58.05451726913452,11.0,-4.10051921857129,-2.54607104428435,6.0236000000006165,105,163
58.07514238357544,11.0,-4.10362465857157,-2.5617710442857637,6.0284000000010485,105,163
58.09552240371704,11.0,-4.106536008571457,-2.5764897942851923,6.032900000000874,105,163
58.116023778915405,11.0,-4.11274688857131,-2.60788979428445,6.03770000000076,105,163
58.13610625267029,11.0,-4.11565823857155,-2.6226085442856637,6.0470000000010184,105,163
58.15639805793762,10.0,-4.118763678571477,-2.5418545099996033,6.051800000000904,106,163
58.17677688598633,10.0,-4.121869118571403,-2.5564861899992573,6.056600000000792,106,163
58.19726800918579,10.0,-4.222451541428768,-2.584835070000042,4.859600000000675,106,164
58.217414140701294,10.0,-4.226334741428617,-2.59855226999951,4.862800000000964,106,164
58.23761534690857,9.0,-4.230476821428519,-2.517134395713475,4.869000000000772,107,164
58.257917404174805,9.0,-4.238502101428741,-2.5434220857142034,4.872200000000696,107,164
58.27816152572632,9.0,-4.242644181428643,-2.556989925713882,4.875200000000943,107,164
58.29875135421753,8.0,-4.246786261428546,-2.4748837999993007,4.881600000000791,108,164
58.31902074813843,8.0,-4.254811541428768,-2.4991183599999722,4.884600000000676,108,164
58.339125871658325,7.0,-4.2586947414286165,-2.4155834814281265,4.887800000000963,109,164
58.3594229221344,7.0,-4.262836821428519,-2.4270358014278557,4.894000000000771,109,164
58.37954878807068,7.0,-4.266978901428421,-2.438488121427585,4.897200000000696,109,164
58.39992380142212,7.0,-4.275004181428643,-2.4606769914281994,4.900200000000943,109,164
58.42036318778992,6.0,-4.185552478571426,-2.377119848570811,4.906600000000791,110,163
58.44073677062988,6.0,-4.188463828571313,-2.3868698485704325,4.909600000000675,110,163
58.46089792251587,6.0,-4.194480618571481,-2.4070198485709904,4.9128000000009635,110,163
58.48094582557678,5.0,-4.197586058571407,-2.322699299999341,4.919000000000771,111,163
58.50154757499695,5.0,-4.2006914985713335,-2.33205017999912,4.922200000000696,111,163
58.52159905433655,5.0,-4.2067082885715,-2.3501675099996215,4.9252000000009435,111,163
58.542142391204834,5.0,-4.209813728571426,-2.3595183899994003,4.931600000000792,111,163
58.56263589859009,5.0990195135927845,-4.212725078571313,-2.2738897042848123,4.934600000000675,112,163
58.58308458328247,5.0990195135927845,-4.215830518571592,-2.28219434428556,4.937800000000964,112,163
58.60349488258362,5.0990195135927845,-4.221847308571406,-2.298284584285062,4.944000000000772,112,163
58.623828411102295,5.0990195135927845,-4.224952748571333,-2.3065892242848656,4.947200000000695,112,163
58.64418339729309,5.0990195135927845,-4.2278640985715725,-2.3143748242855073,4.950200000000943,112,163
58.66472816467285,5.0990195135927845,-4.139532190000046,-2.23571102999945,4.956600000000791,113,162
58.68506622314453,5.0990195135927845,-4.141472589999971,-2.242518179999186,4.959600000000675,113,162
58.70551323890686,5.385164807134504,-4.143542350000157,-2.1557519857140313,4.962800000000963,114,162
58.72598886489868,5.385164807134504,-4.1475525100000326,-2.167802305713658,4.969000000000771,114,162
58.74644660949707,5.0990195135927845,-4.056172944285723,-2.1740218257135107,4.969000000000771,114,161
58.766887187957764,5.0990195135927845,-4.057142994285803,-2.1798526257139916,4.975200000000942,114,161
58.78706383705139,5.0990195135927845,-4.059212434285754,-2.0973983399994607,4.9784000000008675,115,161
58.807283878326416,5.0990195135927845,-4.060182484285717,-2.1022545899992724,4.981600000000791,115,161
58.82750678062439,5.0990195135927845,-4.061217204285809,-2.107434589999739,4.987800000000963,115,161
58.8475558757782,4.123105625617661,-4.062187254285772,-2.0186463614281593,4.9908000000008474,116,161
58.868138551712036,4.123105625617661,-4.064256694285723,-2.0269305214279636,4.994000000000771,116,161
58.88849902153015,3.1622776601683795,-4.065226744285803,-1.9372847285710606,5.000200000000943,117,161
58.90869092941284,3.1622776601683795,-4.066261464285779,-1.9403901685709872,5.003400000000867,117,161
58.92895841598511,2.0,-3.973875750000064,-1.8519288999994346,5.006600000000791,118,160
58.94917607307434,2.0,-3.973875750000064,-1.853998659999621,5.012800000000963,118,160
62.08834671974182,143.17821063276352,-33.66837028571428,-4.071393142857143,8.24720000000106,86,304
62.108529806137085,143.17821063276352,-33.97661476570699,-4.108668022856261,8.259600000000676,86,304
62.128706216812134,143.17821063276352,-34.28485924569971,-4.14594290285538,8.266000000000524,86,304
62.14890217781067,140.24621207005913,-33.48025198714413,-4.21816298285738,8.27200000000102,86,301
62.16935205459595,140.24621207005913,-33.775645107137144,-4.255437862856498,8.284800000000716,86,301
62.18987274169922,140.24621207005913,-34.0525761571264,-4.290383062855142,8.290800000000484,86,301
62.21034049987793,140.24621207005913,-34.62490032714225,-4.362603142857142,8.29720000000106,86,301
62.23042130470276,137.31715115017496,-33.5744253099927,-4.399878022856261,8.309600000000676,86,298
62.250975131988525,137.31715115017496,-33.85737314998601,-4.437152902855379,8.316000000000525,86,298
62.271170139312744,124.90796611905904,-28.778296542861206,-4.604509510001213,8.322000000001019,85,285
62.29172992706299,124.90796611905904,-29.245296542850163,-4.681509509999392,8.334800000000717,85,285
62.31189942359924,124.90796611905904,-29.464202792841668,-4.717603259997992,8.340800000000485,85,285
62.33223581314087,124.90796611905904,-29.697702792862692,-4.756103260001458,8.34720000000106,85,285
62.352747440338135,124.90796611905904,-30.150109042848676,-4.830697009999147,8.359600000000675,85,285
62.37292695045471,117.881296226331,-27.811868082843716,-4.7367090328554085,8.366000000000525,86,278
62.393295764923096,117.881296226331,-28.008479682859928,-4.77165423285829,8.37200000000102,86,278
62.413713693618774,112.08925015361643,-26.364366859993762,-4.846203992856527,8.384800000000718,86,272
62.43399691581726,112.08925015361643,-26.54325325998682,-4.881149192855171,8.384800000000718,86,272
62.45444464683533,106.04244433244644,-24.828951637145273,-4.787112690001275,8.39720000000106,87,266
62.474714040756226,106.04244433244644,-25.164517957134876,-4.856980179999111,8.403200000000828,87,266
62.49484944343567,99.32774033471213,-23.28145923713123,-4.893040819998258,8.409600000000676,87,259
62.51501131057739,99.32774033471213,-23.42600418714315,-4.926847670001045,8.42200000000102,87,259
62.535356283187866,99.32774033471213,-23.519422857142857,-4.962908310000192,8.428400000000869,87,259
62.55570912361145,93.30058949438637,-21.906039999999997,-4.901477955712387,8.434800000000717,88,253
62.57609844207764,93.30058949438637,-21.906039999999997,-4.936334915715525,9.648800000001206,88,253
62.59641790390015,93.30058949438637,-21.906039999999997,-4.969013315714257,9.656300000000915,88,253
62.61650800704956,93.30058949438637,-21.906039999999997,-5.038727235712608,9.664300000000726,88,253
62.63679385185242,82.87339742040264,-19.24096,-5.071405635715303,9.679800000001155,88,242
62.657182693481445,82.87339742040264,-19.24096,-5.10626259571448,9.687800000000966,88,242
62.67748022079468,78.18567643756751,-18.144759999999998,-5.141119555713654,9.695800000000776,88,237
62.69780349731445,78.18567643756751,-18.144759999999998,-5.208654915715526,9.711300000001206,88,237
62.71842980384827,78.18567643756751,-18.144759999999998,-5.241333315714257,9.718800000000915,88,237
62.738754749298096,78.18567643756751,-18.144759999999998,-5.276190275713433,9.726800000000726,88,237
62.75904870033264,78.18567643756751,-18.144759999999998,-5.343725635715304,9.734800000000536,88,237
62.77924370765686,68.0294054067798,-15.959405714285714,-5.378582595714479,9.750300000000966,88,226
62.79964303970337,68.0294054067798,-15.959405714285714,-5.413439555713655,9.758300000000776,88,226
62.81973171234131,62.609903369994115,-14.885714285714286,-5.480974915715525,9.765800000000485,88,220
62.840028285980225,62.609903369994115,-14.885714285714286,-5.513653315714257,9.781300000000915,88,220
62.86026406288147,62.609903369994115,-14.885714285714286,-5.548510275713433,9.789300000000726,88,220
62.880571126937866,62.609903369994115,-14.885714285714286,-5.5833672357126085,9.797300000000536,88,220
62.90081548690796,62.609903369994115,-14.885714285714286,-5.650902595714479,9.804800000001155,88,220
62.92131972312927,58.180752831155424,-14.047857142857143,-5.685759555713655,9.812800000000966,88,215
62.94142484664917,58.180752831155424,-14.047857142857143,-5.718437955712386,9.828300000000485,88,215
62.96156930923462,53.0,-13.10428,-5.785973315714257,9.836300000001206,88,209
62.981866121292114,53.0,-13.10428,-5.820830275713433,9.843800000000915,88,209
63.00243425369263,48.010415536631214,-12.221182857142857,-5.855687235712608,9.859800000000536,88,203
63.0225670337677,48.010415536631214,-12.221182857142857,-5.9232225957144795,9.867300000001155,88,203
63.04283571243286,48.010415536631214,-12.221182857142857,-5.958079555713654,9.875300000000966,88,203
63.06342840194702,43.278170016764804,-11.39116,-5.990757955712387,9.890800000000485,88,197
63.08360767364502,43.278170016764804,-11.39116,-6.025614915715526,9.898800000001206,88,197
63.10372853279114,38.897300677553446,-10.606805714285715,-6.093150275713433,9.906300000000915,88,191
63.12419605255127,38.897300677553446,-10.606805714285715,-6.128007235712609,9.922300000000536,88,191
63.14455223083496,34.828149534535996,-9.98272,-6.031698214286639,9.929800000001155,89,186
63.16499471664429,34.828149534535996,-9.98272,-6.099025254285047,9.937800000000966,89,186
63.185399532318115,34.828149534535996,-9.98272,-6.1305848042838225,9.953300000000485,89,186
63.20588135719299,34.828149534535996,-9.98272,-6.164248324286854,9.961300000001206,89,186
63.22638273239136,34.828149534535996,-9.98272,-6.2294713942848325,9.968800000000915,89,186
63.24682903289795,30.886890422961002,-9.14548,-6.263134914284037,9.984800000000536,89,179
63.2672860622406,30.886890422961002,-9.14548,-6.294694464286639,9.992300000001155,89,179
63.28733539581299,29.546573405388315,-8.79712,-6.362021504285047,10.000300000000966,89,176
63.30805540084839,29.546573405388315,-8.79712,-6.393581054283823,10.015800000000485,89,176
63.32866024971008,29.546573405388315,-8.79712,-6.427244574286854,10.023800000001206,89,176
63.349064111709595,29.546573405388315,-8.79712,-6.4588041242856296,10.031300000000915,89,176
63.36919045448303,27.294688127912362,-7.889782857142857,-6.5261311642840365,10.047300000000536,89,168
63.38945817947388,27.294688127912362,-7.889782857142857,-6.55769071428664,10.054800000001155,89,168
63.40961933135986,27.294688127912362,-7.889782857142857,-6.591354234285843,10.062800000000966,89,168
63.43010234832764,27.018512172212592,-7.555,-6.6565773042838225,10.070800000000776,89,165
63.45063066482544,27.018512172212592,-7.555,-6.690240824286853,10.078300000000485,89,165
63.47139573097229,27.018512172212592,-7.555,-6.721800374285629,10.093800000000915,89,165
63.49193739891052,27.018512172212592,-7.555,-6.789127414284037,10.101800000000726,89,165
63.51251578330994,26.0,-7.22176,-6.692771700000834,10.109800000000536,90,162
63.53264284133911,26.0,-7.22176,-6.725251700000065,10.125300000000966,90,162
63.55311942100525,26.0,-7.22176,-6.788181699998116,10.133300000000776,90,162
63.57360863685608,25.0,0.2837410952380952,-2.860406714285715,10.140800000000485,91,157
63.593979597091675,25.0,0.2866524452379822,-2.8897561642845755,10.156300000000915,91,157
63.61408305168152,25.0,0.2897578852379088,-2.9210622442838354,10.164300000000726,91,157
63.63436031341553,25.0,0.29577467523807544,-2.9817177742855154,10.172300000000536,91,157
63.654510498046875,25.019992006393608,0.48618324666652446,-3.013023854284775,10.187800000000966,91,155
63.674776554107666,25.019992006393608,0.49136324666640196,-3.044329934284035,11.397400000000738,91,155
63.694854497909546,24.186773244895647,0.6912313566667917,-2.9987432599999377,11.406400000000389,92,153
63.71497702598572,24.186773244895647,0.6980385066665274,-3.027000859998841,11.425000000000903,92,153
63.73549699783325,24.186773244895647,0.7052994666663558,-3.0571422999981284,11.434600000000676,92,153
63.75573968887329,24.186773244895647,0.7125604266661841,-3.0872837399974156,11.44420000000045,92,153
63.7760443687439,24.186773244895647,0.7266285366665737,-3.1456827799990332,10.25970000000088,92,153
63.79654145240784,23.53720459187964,0.9225794166663526,-3.0714828257126334,10.26770000000069,93,151
63.8166286945343,23.53720459187964,0.9313458666660124,-3.0986569757115787,10.2752000000004,93,151
63.836981773376465,21.840329667841555,1.045167295237999,-2.946302511427297,10.28320000000112,95,150
63.85711407661438,21.840329667841555,1.055567295237753,-2.973002511426666,10.290700000000829,95,150
63.87751126289368,22.47220505424423,1.2563040266660288,-2.999702511426035,10.30670000000045,95,148
63.89800572395325,22.47220505424423,1.2805385866666998,-3.0514337614274676,11.515700000001193,95,148
63.91834831237793,22.47220505424423,1.2930467466664042,-3.078133761426836,11.525300000000964,95,148
63.938491344451904,22.360679774997898,1.4963639466658718,-3.0011478185687626,11.543900000000388,96,146
63.95888590812683,22.360679774997898,1.5109956266671893,-3.026717098571065,10.351900000001109,96,146
63.97893285751343,21.95449840010015,1.6368000909519613,-2.973810259998169,10.359400000000818,97,145
63.99908185005188,21.95449840010015,1.6525000909515901,-2.9982564999975914,10.37540000000044,97,145
64.01928877830505,22.47220505424423,1.7640391766671726,-3.0211748499994813,10.382900000001058,97,144
64.03962135314941,22.47220505424423,1.7975854166663794,-3.070067329998325,10.390900000000869,97,144
64.06015944480896,22.47220505424423,1.813310216665769,-3.092985679997436,10.406400000000389,97,144
64.08037066459656,23.021728866442675,1.9274330052388047,-3.1174319199996368,10.414400000001109,97,143
64.10054659843445,23.021728866442675,1.9620200152377332,-3.1647965099981694,10.421900000000818,97,143
64.1209945678711,23.021728866442675,1.9798713752373112,-3.1892427499975913,10.43790000000044,97,143
64.14119791984558,23.021728866442675,1.9966070252386912,-3.212161099999481,10.445400000001058,97,143
64.1615571975708,23.021728866442675,2.014458385238269,-3.236607339998903,10.453400000000869,97,143
64.18212604522705,23.021728866442675,2.0490453952371976,-3.2839719299974357,10.46140000000068,97,143
64.20274472236633,22.20360331117452,2.0668967552388047,-3.2076882042852506,10.468900000000389,98,143
64.22314429283142,22.20360331117452,2.083632405238155,-3.229560604284402,10.484400000000818,98,143
64.24357986450195,22.20360331117452,2.119335125237311,-3.2762217242832987,10.492400000000629,98,143
64.26388311386108,22.20360331117452,2.136070775238691,-3.298094124285102,10.50040000000044,98,143
64.28434753417969,22.20360331117452,2.153922135238269,-3.3214246842845503,10.515900000000869,98,143
64.30452609062195,21.400934559032695,2.188509145237197,-3.265493939997502,10.52390000000068,99,143
64.32509708404541,21.400934559032695,2.2063605052388047,-3.2877158599995027,10.531400000000389,99,143
64.34538793563843,20.615528128088304,2.2230961552381556,-3.2091301457130204,10.546900000000818,100,143
64.36585831642151,20.615528128088304,2.258798875237311,-3.251370145712021,10.554900000000629,100,143
64.3863377571106,20.0,2.1782522466671796,-3.271170145713654,10.56290000000044,100,144
64.40641021728516,20.0,2.195025366666783,-3.292290145713155,10.578400000000869,100,144
64.42667555809021,19.209372712298546,2.2117984866663862,-3.214500339998396,10.58640000000068,101,144
64.44685697555542,19.209372712298546,2.2442964066672864,-3.2532977699994703,10.593900000000389,101,144
64.46725726127625,19.209372712298546,2.2600212066666763,-3.2720707199987418,8.203200000000646,101,144
64.48743510246277,17.804493814764857,2.179906920952019,-3.1937343314268656,8.208000000000533,102,145
64.5075912475586,17.804493814764857,2.2103256709528614,-3.2304209714278818,8.21280000000042,102,145
64.52798962593079,16.401219466856727,2.1295716366668014,-3.1515151885703165,8.222100000000678,103,146
64.54836344718933,16.401219466856727,2.144203316666455,-3.169366548569894,8.226900000000565,103,146
64.56884098052979,15.0,2.075505292381469,-3.105593039999366,8.23140000000039,104,147
64.58894896507263,15.0,2.0882251423809755,-3.1213178399987553,8.240700000000647,104,147
64.60909032821655,15.0,2.1017929823806547,-3.138090959998359,8.240700000000647,104,147
64.62927865982056,13.601470508735444,2.019686856666073,-3.057976674283702,8.25030000000042,105,148
64.64980053901672,13.601470508735444,2.043921416666744,-3.088395424284544,8.254800000000792,105,148
64.6698956489563,13.601470508735444,2.0564295766664484,-3.104095424284173,8.264400000000565,105,148
64.6900200843811,13.601470508735444,2.0681559766659934,-3.1188141742836017,8.26890000000039,105,148
64.7103431224823,11.661903789690601,1.9000774052379799,-3.0517773399986723,8.273700000000822,106,150
64.73076272010803,11.661903789690601,1.9104774052377338,-3.0664090199983267,8.283000000000534,106,150
64.7511875629425,11.661903789690601,1.920877405237488,-3.0810406999979802,8.28780000000042,106,150
64.7716658115387,11.661903789690601,1.9410274052380458,-3.1093895799987656,7.090800000000668,106,150
64.79183292388916,11.661903789690601,1.9514274052378,-3.1240212599984196,7.097200000000516,106,150
64.81244444847107,11.180339887498949,1.8665224266660316,-3.1377384599978875,7.100200000000401,106,151
64.83282828330994,11.180339887498949,1.8758733066668736,-3.1523701399992046,7.103400000000688,106,151
64.85310006141663,9.848857801796104,1.7985492609520892,-3.083672115712676,8.311200000000458,107,152
64.87366056442261,9.848857801796104,1.806853900951893,-3.0972399557123556,8.316000000000345,107,152
64.89396643638611,8.246211251235321,1.626513272380945,-3.0143520699990365,8.320500000000717,108,154
64.91412019729614,8.246211251235321,1.6389523123806509,-3.0393683899984447,8.325300000000603,108,154
64.93445253372192,7.0,1.3638208052376808,-2.9558335114266,8.334600000000314,109,157
64.95483255386353,7.0,1.3669262452379605,-2.967285831427631,8.339400000000747,109,157
64.97509574890137,7.0,1.372943035237774,-2.9894747014269436,8.343900000000573,109,157
64.99557328224182,7.0,1.2825413666662966,-3.000927021426673,8.353500000000345,109,158
65.01580214500427,7.0,1.2844817666664565,-3.011663571427558,8.358000000000718,109,158
65.03622055053711,6.0,1.1931022009521464,-2.9281064285701692,8.362800000000604,110,159
65.05675888061523,6.0,1.1951069709520843,-2.9482564285695445,7.170600000000375,110,159
65.07705354690552,6.0,1.10272125666637,-2.958656428570481,7.170600000000375,110,160
65.09748339653015,6.0,1.10272125666637,-2.9684064285701024,7.176800000000547,110,160
65.11802387237549,6.0,0.8192389480950883,-2.9892064285696107,7.1800000000004705,110,163
65.13840317726135,6.0,0.8163275980948483,-2.998956428570415,7.1832000000003955,110,163
65.15898108482361,5.385164807134504,0.6259190266663993,-2.9146358799987655,7.189400000000566,111,165
65.17965364456177,5.385164807134504,0.6158827766667102,-2.932753209998204,7.192600000000491,111,165
65.20006370544434,5.385164807134504,0.6107027766662437,-2.942104089999046,7.195600000000374,111,165
65.2203757762909,5.385164807134504,0.6058465266664322,-2.950870539998706,7.201800000000546,111,165
65.24093675613403,5.385164807134504,0.5954865266666772,-2.9695722999982634,7.205000000000471,111,165
65.26111078262329,5.830951894845301,0.49684144095191074,-2.88394361428462,7.208200000000394,112,166
65.28139805793762,5.830951894845301,0.4906219209520578,-2.8922482542844237,6.011300000000481,112,166
65.30153727531433,5.656854249492381,0.29614585238082547,-2.9005528942842274,6.012900000000443,112,168
65.32208967208862,5.656854249492381,0.2800556123803798,-2.916643134284673,6.014400000000385,112,168
65.34249472618103,7.211102550927978,0.08321989809504415,-2.924428734284371,6.01750000000047,112,170
65.36285400390625,7.211102550927978,0.07281989809528999,-2.9327333742841746,6.019100000000432,112,170
65.38340020179749,7.211102550927978,0.05266989809473188,-2.94882361428462,6.020700000000395,112,170
65.40356636047363,8.54400374531753,-0.14806683333354387,-2.862898859998734,6.023800000000481,113,172
65.42395877838135,8.54400374531753,-0.1605749933332481,-2.8701598199985616,6.0254000000004435,113,172
65.4445743560791,9.486832980505138,-0.2814769690482619,-2.8842279299989517,6.026900000000385,113,173
65.46497011184692,9.486832980505138,-0.2941968190477683,-2.8910350799986873,6.03000000000047,113,173
65.48531293869019,11.180339887498949,-0.5002682476188257,-2.8042688857128257,6.031600000000433,114,175
65.50546431541443,11.180339887498949,-0.5159682476184545,-2.8104884057126784,6.033200000000395,114,175
65.52579092979431,13.152946437965905,-0.7426409719051266,-2.822538725713012,6.036300000000481,114,177
65.54621911048889,13.152946437965905,-0.7604923319047044,-2.828758245712865,6.036300000000481,114,177
65.56684684753418,13.152946437965905,-0.7772279819040551,-2.8345890457126384,6.039400000000385,114,177
65.58736610412598,14.035668847618199,-0.9106717647622141,-2.7518110099986304,6.041000000000529,115,178
65.607661485672,14.035668847618199,-0.9296068047617664,-2.756991009998508,6.04250000000047,115,178
65.62796902656555,16.0,-1.1458125190469808,-2.668461661426982,6.045700000000395,116,180
65.64833116531372,16.0,-1.186732519048114,-2.676486941427204,6.047200000000519,116,180
65.66861271858215,18.0,-1.4074345076189911,-2.587035238569987,4.847200000000519,117,182
65.68913006782532,18.0,-1.4293069076181424,-2.589946588569874,4.847200000000519,117,182
65.70923209190369,18.0,-1.4745098676193944,-2.595963378570041,4.847200000000519,117,182
65.72945141792297,18.0,-1.4978404276188426,-2.5990688185699673,4.847200000000519,117,182
65.74982500076294,18.0,-1.5211709876182908,-2.6021742585698937,4.847200000000519,117,182
65.77034449577332,20.0,-1.7450279019059818,-2.5116432299986253,4.847200000000519,118,184
65.79078459739685,20.0,-1.7961664619047726,-2.5157827499985275,4.847200000000519,118,184
65.81096625328064,21.0,-1.9221548547609446,-2.424338514284204,4.847200000000519,119,185
65.83120846748352,21.0,-1.9488548547633486,-2.4253732342842973,4.847200000000519,119,185
65.85178971290588,24.0,-2.314525323332968,-2.4273780042842352,4.847200000000519,119,188
65.87219166755676,24.0,-2.3446667633322553,-2.4284127242842106,4.847200000000519,119,188
65.89267587661743,26.0,-3.5476666666666667,-0.11301852380952382,4.847200000000519,119,190
65.91323924064636,26.0,-3.6126266666651308,-0.11508796380947488,4.847200000000519,119,190
65.93397808074951,28.0,-3.8999793523781485,0.10760780047620178,4.847200000000519,121,192
65.95427560806274,28.0,-3.9348363123812873,0.10864252047629494,4.847200000000519,121,192
65.97440242767334,28.0,-3.967514712380019,0.1096125704762573,4.847200000000519,121,192
65.99474287033081,30.0,-4.301127329521113,0.11168201047620836,4.847200000000519,121,194
66.01491284370422,30.0,-4.336072529523994,0.11265206047628835,4.847200000000519,121,194
66.03518223762512,32.0,-4.63953456380877,0.22561896333338227,4.847200000000519,122,196
66.05558347702026,32.0,-4.716523683806384,0.22962912333325802,4.847200000000519,122,196
66.07566237449646,33.0,-4.891204986667217,0.2316988833334444,4.847200000000519,122,197
66.09572720527649,33.0,-4.929627636665726,0.2336392833333691,4.847200000000519,122,197
66.11611437797546,35.0,-5.287893282377954,0.3508158776189365,4.847200000000519,123,199
66.13632249832153,35.0,-5.328689232381318,0.3537272276191766,4.847200000000519,123,199
66.15656590461731,35.0,-5.372204912380289,0.35683266761910315,4.847200000000519,123,199
66.17691278457642,36.0,-5.554610626664943,0.4720433190475766,4.847200000000519,124,200
66.19737100601196,36.0,-5.641410626667348,0.48006859904779886,4.847200000000519,124,200
66.2177894115448,36.0,-5.683410626665718,0.4839517990476482,4.847200000000519,124,200
66.23803234100342,36.0,-5.728210626664659,0.48809387904755025,4.847200000000519,124,200
66.2583315372467,37.013511046643494,-5.9565009395242745,0.6093358433335424,4.847200000000519,125,201
66.27886986732483,37.013511046643494,-6.0025980595231845,0.6145158433334199,4.847200000000519,125,201
66.29903197288513,37.013511046643494,-6.0486951795220945,0.6196958433332974,4.847200000000519,125,201
66.31978106498718,39.01281840626232,-6.425317283810424,0.6297320933335754,4.847200000000519,125,203
66.33993458747864,39.01281840626232,-6.471002633808651,0.634588343333387,4.847200000000519,125,203
66.36061573028564,41.012193308819754,-6.810525490950292,0.6397683433332645,4.847200000000519,125,205
66.38099670410156,41.012193308819754,-6.910151740953052,0.6498045933335425,4.847200000000519,125,205
66.40131998062134,42.04759208325728,-7.1092862323803745,0.7674012561905383,4.847200000000519,126,206
66.42168164253235,42.04759208325728,-7.162072152379126,0.7736207761903913,4.847200000000519,126,206
66.44215202331543,43.04648650006177,-7.36077901666287,0.779451576190165,4.847200000000519,126,207
66.4622278213501,43.04648650006177,-7.4657267266657765,0.7915018961904987,4.847200000000519,126,207
66.48237562179565,43.104524124504614,-7.519893286664496,0.9103457133331841,4.847200000000519,127,207
66.50290846824646,43.104524124504614,-7.574059846663215,0.9176066733330124,4.847200000000519,127,207
66.52346515655518,43.104524124504614,-7.679007556666122,0.931674783333402,4.847200000000519,127,207
66.54373359680176,43.18564576337837,-7.733174116664841,1.051802280476063,4.847200000000519,128,207
66.5638780593872,43.18564576337837,-7.78395526666287,1.0595878804757608,4.847200000000519,128,207
66.58393669128418,44.181444068749045,-8.041144249522993,1.0756781204762065,4.847200000000519,128,208
66.60432600975037,44.181444068749045,-8.09670648952168,1.08398276047601,4.847200000000519,128,208
66.62453746795654,45.17742799230607,-8.30486262666319,1.0922874004758136,4.847200000000519,128,209
66.64496040344238,45.17742799230607,-8.358275076667596,1.1000730004764556,4.847200000000519,128,209
66.66533041000366,45.17742799230607,-8.472221636664901,1.116682280476063,4.847200000000519,128,209
66.68566870689392,45.17742799230607,-8.525634086662828,1.1244678804757609,4.847200000000519,128,209
66.70624423027039,45.17742799230607,-8.582607366667958,1.1327725204765087,4.847200000000519,128,209
66.72645592689514,46.17358552246078,-8.848620223807309,1.14886276047601,4.847200000000519,128,210
66.74708032608032,46.17358552246078,-8.907020223805928,1.1571674004758137,4.847200000000519,128,210
66.76760482788086,46.17358552246078,-8.961770223810444,1.1649530004764557,4.847200000000519,128,210
66.78808069229126,46.17358552246078,-9.07857022380768,1.1815622804760628,4.847200000000519,128,210
66.80881309509277,46.17358552246078,-9.133320223805557,1.189347880475761,4.847200000000519,128,210
66.82896828651428,46.17358552246078,-9.191720223810815,1.1976525204765085,4.847200000000519,128,210
66.84922385215759,47.095647357266465,-9.40239991666578,1.0926368133333872,4.847200000000519,127,211
66.86975693702698,47.095647357266465,-9.52208535666295,1.1071587333330437,4.847200000000519,127,211
66.89024376869202,47.095647357266465,-9.578187906667576,1.1139658833336052,4.847200000000519,127,211
66.9104495048523,47.095647357266465,-9.638030626666161,1.1212268433334334,4.847200000000519,127,211
66.93096160888672,47.095647357266465,-9.75397589666257,1.1352949533329975,4.847200000000519,127,211
66.95167660713196,48.093658625644196,-9.971603370953805,1.1425559133336514,4.847200000000519,127,212
66.97219491004944,48.093658625644196,-10.029073770951573,1.1493630633333871,4.847200000000519,127,212
66.99269223213196,48.041648597857254,-10.151677290948674,1.050219246190236,4.847200000000519,126,212
67.01307034492493,48.041648597857254,-10.209147690953413,1.0560500461907167,4.847200000000519,126,212
67.03340077400208,49.040799340956916,-10.4300337023805,1.0622695661905697,4.847200000000519,126,213
67.05372881889343,49.040799340956916,-10.551664992376732,1.0743198861901964,4.847200000000519,126,213
67.07398200035095,49.040799340956916,-10.614442432382384,1.0805394061907565,4.847200000000519,126,213
67.094158411026,49.040799340956916,-10.6732962823801,1.0863702061905303,4.847200000000519,126,213
67.11429381370544,49.040799340956916,-10.736073722378617,1.0925897261903832,4.847200000000519,126,213
67.13493013381958,49.040799340956916,-10.857705012381984,1.1046400461907169,4.847200000000519,126,213
67.1550681591034,49.040799340956916,-10.9204824523805,1.1108595661905698,4.847200000000519,126,213
67.17533349990845,50.0,-11.144678246664697,0.8924187890476147,4.847200000000519,124,214
67.19576978683472,50.0,-11.269201526668144,0.900444069047837,4.847200000000519,124,214
67.2162435054779,50.0,-11.329454726665807,0.9043272690476862,4.847200000000519,124,214
67.23650598526001,50.0,-11.393724806664288,0.9084693490475884,4.847200000000519,124,214
67.25714254379272,51.0,-11.68295069952496,0.8034175676191836,4.847200000000519,123,215
67.27777767181396,51.0,-11.748730699523405,0.8065230076191101,4.847200000000519,123,215
67.29824638366699,51.0,-11.814510699521849,0.8096284476190367,4.847200000000519,123,215
67.31842136383057,51.0,-11.941959449525378,0.7026728933334335,4.847200000000519,122,215
67.33862805366516,51.0,-12.003628199522986,0.7046132933333582,4.847200000000519,122,215
67.35914254188538,52.0,-12.23459857666425,0.7066830533333093,4.847200000000519,122,216
67.37948226928711,52.0,-12.301906096662659,0.7087528133332603,4.847200000000519,122,216
67.39992690086365,52.0,-12.432314416666271,0.5998604404761729,4.847200000000519,121,216
67.42049980163574,52.0,-12.49962193666468,0.6008951604761485,4.847200000000519,121,216
67.44061136245728,52.0,-12.56272273666223,0.49003230333329134,4.847200000000519,120,216
67.4611713886261,52.0,-12.693131056665843,0.49003230333329134,6.050300000000604,120,216
67.48155450820923,52.0,-12.760438576664251,0.49003230333329134,6.0519000000005665,120,216
67.50205588340759,52.0,-12.82774609666266,0.49003230333329134,6.053500000000529,120,216
67.52225303649902,52.0,-12.958154416666272,0.49003230333329134,6.056600000000615,120,216
67.5426242351532,51.0,-12.860271559521859,0.26620254333334026,6.056600000000615,118,215
67.562828540802,51.0,-12.921940309519467,0.2642621433334156,6.059700000000519,118,215
67.58326196670532,50.0,-12.824433246668109,0.15019098904742167,6.061300000000663,117,214
67.60419154167175,50.0,-12.94895652666425,0.1441741990476081,6.062800000000604,117,214
67.62456440925598,51.0,-13.176513669519839,0.02896354761913461,6.064400000000567,116,215
67.6448986530304,51.0,-13.238182419524925,0.02508034761881439,6.067500000000653,116,215
67.66513204574585,51.0,-13.369742419521813,0.016796187619010305,6.069100000000615,116,215
67.68540501594543,51.0,-13.431411169519421,0.012912987619160987,6.072200000000519,116,215
67.70555353164673,51.0,-13.497191169525344,0.008770907618788015,6.073800000000663,116,215
67.72611021995544,51.0,-13.624639919521394,0.0007456276190366262,6.075300000000604,116,215
67.74672389030457,51.0,-13.690419919519838,-0.0033964523808654445,6.076900000000567,116,215
67.7673089504242,51.0,-13.752088669524923,-0.007279652381185664,6.080000000000653,116,215
67.78761506080627,51.0,-13.883648669521813,-0.01556381238098975,6.081600000000615,116,215
67.80796074867249,52.009614495783374,-14.110412326662221,-0.13162577666651554,6.083200000000578,115,216
67.8285186290741,52.009614495783374,-14.177719846668282,-0.13680577666698196,6.086300000000663,115,216
67.84871768951416,52.009614495783374,-14.21152,-0.1416620266667935,6.0878000000006045,115,216
67.86893939971924,52.009614495783374,-14.21152,-0.15202202666654852,6.089400000000567,115,216
67.88928556442261,52.009614495783374,-14.21152,-0.15687827666694898,6.092500000000653,115,216
67.90974545478821,52.03844732503075,-14.21152,-0.27447493952394486,6.094100000000616,114,216
67.93002104759216,52.03844732503075,-14.21152,-0.28652525952357155,6.0972000000005195,114,216
67.95046973228455,52.03844732503075,-14.21152,-0.2927447795241316,6.098800000000663,114,216
67.97065687179565,52.03844732503075,-14.21152,-0.29857557952390534,6.100300000000605,114,216
67.9911904335022,51.088159097779204,-14.047857142857143,-0.42468035666641907,6.10350000000053,113,215
68.0115430355072,51.088159097779204,-14.047857142857143,-0.4314875066669804,6.10350000000053,113,215
68.0318112373352,51.088159097779204,-14.047857142857143,-0.43874846666680867,6.106600000000616,113,215
68.05247449874878,50.15974481593781,-13.88608,-0.5588759638094696,6.108200000000578,112,214
68.07274055480957,50.15974481593781,-13.88608,-0.5749662038099151,6.10970000000052,112,214
68.09311556816101,50.24937810560445,-13.88608,-0.6958297966667176,6.112800000000605,111,214
68.11363077163696,50.24937810560445,-13.88608,-0.7051806766664965,6.114400000000567,111,214
68.13387107849121,49.36598018878993,-13.726154285714285,-0.8377363909527689,6.11600000000053,110,213
68.15427446365356,49.36598018878993,-13.726154285714285,-0.8481363909525228,6.119100000000616,110,213
68.17457962036133,49.64876634922564,-13.726154285714285,-1.0865188366665128,6.1207000000005785,108,213
68.19515872001648,49.64876634922564,-13.726154285714285,-1.1107533966671839,6.12220000000052,108,213
68.21544647216797,49.64876634922564,-13.726154285714285,-1.1224797966667288,6.125300000000605,108,213
68.23566913604736,49.64876634922564,-13.726154285714285,-1.1349879566664332,6.126900000000568,108,213
68.25622081756592,49.64876634922564,-13.726154285714285,-1.1592225166671044,6.12850000000053,108,213
68.27649188041687,48.83646178829912,-13.568045714285713,-1.2863274995239264,6.131600000000616,107,212
68.29695272445679,48.83646178829912,-13.568045714285713,-1.2998953395236057,6.133200000000579,107,212
68.31724119186401,48.83646178829912,-13.568045714285713,-1.3126151895231122,6.13470000000052,107,212
68.33748388290405,48.83646178829912,-13.568045714285713,-1.3389028795238402,6.137800000000605,107,212
68.3581018447876,47.853944456021594,-13.411719999999999,-1.3524707195235193,6.139400000000568,107,211
68.37877774238586,47.853944456021594,-13.411719999999999,-1.3660385595231985,6.14100000000053,107,211
68.39904499053955,46.69047011971501,-13.257142857142856,-1.2767359766667268,6.144100000000616,108,210
68.41921949386597,46.69047011971501,-13.257142857142856,-1.289244136666431,6.145700000000579,108,210
68.43963265419006,46.69047011971501,-13.257142857142856,-1.3009705366659758,6.14720000000052,108,210
68.46023654937744,44.721359549995796,-12.953097142857143,-1.325205096666647,6.148800000000664,108,208
68.48049879074097,44.721359549995796,-12.953097142857143,-1.3377132566663512,6.150300000000605,108,208
68.50107336044312,43.56604182158393,-12.803560000000001,-1.2360398623803663,6.15350000000053,109,207
68.5212893486023,43.56604182158393,-12.803560000000001,-1.2467764123812517,6.155000000000654,109,207
68.54140424728394,42.42640687119285,-12.655634285714285,-1.1548278409521882,6.1566000000006165,110,206
68.56190466880798,42.42640687119285,-12.655634285714285,-1.16457784095181,6.15970000000052,110,206
68.58205962181091,41.43669871020132,-12.509285714285713,-1.1749778409527463,6.161300000000664,110,205
68.60248517990112,41.43669871020132,-12.509285714285713,-1.195127840952122,6.162800000000606,110,205
68.62282395362854,41.43669871020132,-12.509285714285713,-1.2055278409518762,6.166000000000531,110,205
68.64326477050781,41.30375285612676,-12.509285714285713,-1.101888576666885,6.167500000000654,111,205
68.66337180137634,41.30375285612676,-12.509285714285713,-1.1205903366664425,6.169100000000617,111,205
68.6838128566742,41.30375285612676,-12.509285714285713,-1.1293567866661023,6.172200000000521,111,205
68.70425987243652,41.30375285612676,-12.509285714285713,-1.1387076666669442,6.173800000000664,111,205
68.72475457191467,39.45883931389772,-12.221182857142857,-1.2712633809520342,6.175300000000606,110,203
68.74537467956543,39.45883931389772,-12.221182857142857,-1.2816633809517883,6.178500000000531,110,203
68.7657299041748,37.48332962798263,-11.938977142857143,-1.2914133809525923,6.180000000000654,110,201
68.7859091758728,37.48332962798263,-11.938977142857143,-1.3018133809523464,6.181600000000617,110,201
68.80618357658386,37.48332962798263,-11.938977142857143,-1.3219633809517222,6.184700000000521,110,201
68.82683420181274,35.6931365951495,-11.662394285714285,-1.446164272381325,6.1863000000006645,109,199
68.84721612930298,35.6931365951495,-11.662394285714285,-1.4569008223809083,6.187800000000606,109,199
68.86779427528381,35.6931365951495,-11.662394285714285,-1.4798054623803667,6.191000000000531,109,199
68.88805317878723,35.6931365951495,-11.662394285714285,-1.490542012381252,6.1925000000006545,109,199
68.9085021018982,35.17101079013795,-11.526125714285715,-1.7307727095237881,6.194100000000617,107,198
68.92904281616211,35.17101079013795,-11.526125714285715,-1.7570603995229739,6.1957000000005795,107,198
68.94923663139343,34.20526275297414,-11.39116,-1.7706282395241955,6.198800000000665,107,197
68.96974396705627,34.20526275297414,-11.39116,-1.783348089523702,6.200300000000606,107,197
68.99004054069519,34.20526275297414,-11.39116,-1.796915929523381,6.201900000000569,107,197
69.0105504989624,32.28002478313795,-11.125,-1.823203619524109,6.203500000000531,107,195
69.03079390525818,32.28002478313795,-11.125,-1.8367714595237883,6.206600000000617,107,195
69.05097794532776,31.32091952673165,-10.993737142857142,-1.8503392995234673,6.20820000000058,107,194
69.07104420661926,31.32091952673165,-10.993737142857142,-1.8766269895241954,6.209700000000521,107,194
69.09161114692688,30.675723300355934,-10.86364,-2.0043270466665204,6.212800000000606,106,193
69.11214971542358,30.675723300355934,-10.86364,-2.0189587266661744,6.214400000000569,106,193
69.13239479064941,29.410882339705484,-10.734674285714286,-1.9312635595240453,6.216000000000531,107,192
69.15290880203247,29.410882339705484,-10.734674285714286,-1.9448313995237243,6.219100000000617,107,192
69.17325043678284,29.410882339705484,-10.734674285714286,-1.9583992395234033,6.22070000000058,107,192
69.19393587112427,27.51363298439521,-10.48,-1.9846869295241314,6.222200000000521,107,190
69.21448040008545,27.51363298439521,-10.48,-1.9974067795236379,6.223800000000665,107,190
69.23493671417236,26.248809496813376,-10.354222857142858,-1.896377796666199,6.226900000000569,108,189
69.25525641441345,26.248809496813376,-10.354222857142858,-1.9088859566659033,6.2285000000005315,108,189
69.27583742141724,24.351591323771842,-2.648401285714286,-1.1428586666666667,6.230000000000655,108,187
69.29640245437622,24.351591323771842,-2.6773870457136004,-1.1553668266663708,6.23320000000058,108,187
69.31692028045654,22.47220505424423,-2.498332581426915,-1.1670932266659158,6.2347000000005215,108,185
69.3375072479248,22.47220505424423,-2.5500638314283477,-1.191327786666587,6.236300000000665,108,185
69.35805034637451,22.47220505424423,-2.576763831427716,-1.2038359466662913,6.239400000000569,108,185
69.37862730026245,21.540659228538015,-2.5013759685699686,-1.2163441066659955,6.241000000000532,108,184
69.39875745773315,21.540659228538015,-2.5509164485713405,-1.2405786666666667,6.242500000000655,108,184
69.41887140274048,21.540659228538015,-2.5764857285707357,-1.2530868266663708,6.24570000000058,108,184
69.43917679786682,21.540659228538015,-2.6004569285698054,-1.2648132266659158,6.247200000000522,108,184
69.4594178199768,20.248456731316587,-2.547550089999689,-1.1927306680951018,6.248800000000665,109,183
69.47961831092834,20.248456731316587,-2.571996329999111,-1.2041829880948312,6.251900000000569,109,183
69.49987030029297,20.8806130178211,-2.6978370385699346,-1.1206258452374422,6.253500000000532,110,184
69.520254611969,20.8806130178211,-2.7218082385719113,-1.1303758452382462,6.255000000000655,110,184
69.54062485694885,20.8806130178211,-2.772946798570702,-1.1511758452377543,6.25820000000058,110,184
69.5609302520752,18.027756377319946,-2.494908419998465,-1.1609258452373759,6.259700000000522,110,181
69.58115768432617,18.027756377319946,-2.517130340000466,-1.1713258452383124,6.2613000000006656,110,181
69.60164475440979,18.027756377319946,-2.560185309999132,-1.1914758452376881,6.262800000000607,110,181
69.6222620010376,18.027756377319946,-2.5824072299986063,-1.201875845237442,6.2644000000005695,110,181
69.64246654510498,16.76305461424021,-2.5038215157145247,-1.1169708666667366,6.2675000000006555,111,180
69.66269254684448,16.76305461424021,-2.546061515713526,-1.1356726266662944,6.269100000000618,111,180
69.68295216560364,14.866068747318506,-2.3687274014271233,-1.1444390766659542,6.270700000000581,111,178
69.70339441299438,14.866068747318506,-2.3876624414288283,-1.1537899566667962,6.273800000000666,111,178
69.72387170791626,14.866068747318506,-2.4054140414281395,-1.162556406666456,6.275300000000607,111,178
69.74419927597046,13.92838827718412,-2.3443596185701523,-1.1812581666660138,6.27690000000057,111,177
69.76468110084534,13.92838827718412,-2.3610952685715323,-1.1900246166667365,6.280000000000656,111,177
69.78503441810608,12.649110640673518,-2.2815969599997072,-1.1049149709522545,6.281600000000618,112,176
69.80518364906311,12.649110640673518,-2.3140948799987004,-1.121005210951756,6.283200000000581,112,176
69.82568621635437,12.649110640673518,-2.3308680000002107,-1.129309850952504,6.286300000000666,112,176
69.84591627120972,12.649110640673518,-2.3465927999996006,-1.1370954509522018,6.287800000000607,112,176
69.86637949943542,10.44030650891055,-2.1846561599989083,-1.058431656666144,6.28940000000057,113,174
69.88676357269287,10.44030650891055,-2.1983733600000392,-1.0652388066667053,6.292500000000656,113,174
69.9070827960968,10.44030650891055,-2.2130050399996932,-1.0724997666665337,6.294100000000618,113,174
69.92735481262207,10.198039027185569,-2.227636719999347,-0.9857335723806722,6.295700000000581,114,174
69.94761061668396,10.198039027185569,-2.2559856000001326,-0.997783892381006,6.298800000000666,114,174
69.96779203414917,10.198039027185569,-2.2697027999996005,-1.0036146923807796,6.3003000000006075,114,174
69.98812961578369,10.198039027185569,-2.284334479999254,-1.0098342123806328,6.30190000000057,114,174
70.00851273536682,10.198039027185569,-2.3126833600000394,-1.0218845323809664,6.305000000000656,114,174
70.02891492843628,10.198039027185569,-2.3273150399996934,-1.0281040523808194,6.306600000000619,114,174
70.04902601242065,10.198039027185569,-2.3419467199993473,-1.0343235723806723,6.308200000000581,114,174
70.06949043273926,9.219544457292887,-2.2732486957143614,-1.046373892381006,6.309700000000523,114,173
70.08995389938354,9.219544457292887,-2.2859685457138674,-1.0522046923807797,6.311300000000666,114,173
70.11050796508789,8.246211251235321,-2.203862419999286,-1.0584242123806327,6.31440000000057,114,172
70.1310441493988,8.246211251235321,-2.2280969799999575,-1.0704745323809663,6.316000000000533,114,172
70.15115237236023,7.280109889280518,-2.1452778714282577,-1.0766940523808195,6.317500000000656,114,171
70.17168092727661,7.280109889280518,-2.156730191427987,-1.0829135723806722,6.320700000000581,114,171
70.19223093986511,7.0710678118654755,-2.16746674142757,-0.9949555366661982,6.322200000000523,115,171
70.21261620521545,7.0710678118654755,-2.1896556114281847,-1.0049917866664762,6.323800000000666,115,171
70.23313856124878,6.082762530298219,-2.106098468570796,-1.0101717866663535,6.32690000000057,115,170
70.25343298912048,6.082762530298219,-2.1164984685705504,-1.0153517866662312,6.328500000000533,115,170
70.27397394180298,6.082762530298219,-2.1366484685711082,-1.0253880366665091,6.330000000000656,115,170
70.29425096511841,5.0,-2.052327919999459,-0.9368586880949825,6.3332000000005815,116,169
70.31456422805786,5.0,-2.0610943699991187,-0.940741888094832,6.334700000000523,116,169
70.3352780342102,5.0,-1.9837703242852784,-0.8542015352378556,6.336300000000667,117,168
70.35569143295288,5.0,-1.9920749642850821,-0.8573069752377822,6.339400000000571,117,168
70.37617063522339,5.0990195135927845,-1.9061502099991963,-0.8604124152377086,6.341000000000533,117,167
70.39658761024475,5.0990195135927845,-1.920218319999586,-0.8664292052378753,6.342500000000657,117,167
70.41726732254028,5.0990195135927845,-1.9274792799994143,-0.8695346452378019,6.345700000000582,117,167
70.43777060508728,5.0990195135927845,-1.93428642999915,-0.8724459952376888,6.347200000000523,117,167
70.4583067893982,5.0990195135927845,-1.9415473899998037,-0.8755514352379685,6.348800000000667,117,167
70.47891354560852,5.0990195135927845,-1.9556154999993678,-0.8815682252377821,6.351900000000571,117,167
70.49900102615356,5.0990195135927845,-1.9628764599991961,-0.8846736652377085,6.353500000000533,117,167
70.5193977355957,5.0990195135927845,-1.9696836099997574,-0.8875850152379487,6.355000000000657,117,167
70.53952479362488,5.0990195135927845,-1.9842055299994141,-0.8937958952378018,6.358200000000582,117,167
70.55977535247803,5.0,-1.8970506157134737,-0.7098802309520499,6.359700000000523,119,166
70.5800507068634,5.0,-1.9032701357140334,-0.7109149509521431,6.361300000000667,119,166
70.60056161880493,5.0,-1.91532045571366,-0.712919720952081,6.362800000000608,119,166
70.62110567092896,5.0,-1.9215399757135132,-0.7139544409520565,6.364400000000571,119,166
70.641756772995,5.0,-1.9273707757139937,-0.7149244909521365,6.367500000000657,119,166
70.66221690177917,5.0990195135927845,-1.8449164899994632,-0.7169939309520875,6.3691000000006195,119,165
70.68255829811096,5.0990195135927845,-1.8497727399992745,-0.7179639809520498,6.370700000000582,119,165
70.70314526557922,4.0,-1.7612433914282188,-0.6255782666663355,6.373800000000667,120,164
70.72353935241699,4.0,-1.765126591428068,-0.6255782666663355,6.375300000000609,120,164
70.74410700798035,4.123105625617661,-1.773410751427872,-0.5311231123806702,6.376900000000571,121,164
70.76425433158875,4.123105625617661,-1.7772939514281922,-0.5301530623805902,6.380000000000657,121,164
70.78438091278076,4.123105625617661,-1.7814360314280944,-0.5291183423806147,7.583200000000581,121,164
70.80449175834656,4.123105625617661,-1.7894613114278457,-0.5271135723806768,7.586400000000506,121,164
70.82484030723572,3.1622776601683795,-1.7000096085709826,-0.5260788523805836,7.592600000000678,121,163
70.84528255462646,3.1622776601683795,-1.7029209585708696,-0.5251088023806213,7.595600000000561,121,163
70.86573815345764,3.1622776601683795,-1.7091318385707226,-0.5230393623806703,7.598800000000486,121,163
70.88624286651611,2.23606797749979,-1.618600809999454,-0.5220693123805903,7.605000000000656,121,162
70.90682816505432,2.23606797749979,-1.620670569999405,-0.5210345923806148,7.608200000000581,121,162
70.92731618881226,1.0,-1.435870569999405,-0.5199998723806393,7.611400000000504,121,160
70.94769811630249,1.0,-1.435870569999405,-0.5179951023805838,7.614400000000389,121,160
70.96778559684753,5.830951894845301,-1.0621587985709844,-1.1715259023803575,7.620600000000561,114,156
70.98841571807861,5.830951894845301,-1.0580167185710823,-1.1777454223802106,6.422200000000523,114,156
71.0090160369873,5.830951894845301,-1.04999143857086,-1.1897957423805443,6.423800000000486,114,156
71.02922511100769,5.830951894845301,-1.0458493585709578,-1.1960152623803972,6.426900000000572,114,156
71.04938888549805,5.830951894845301,-1.0417072785710557,-1.2022347823802502,6.428500000000534,114,156
71.06979036331177,12.165525060596439,-0.8441712442850077,-2.177018416666865,6.430000000000476,104,154
71.09005284309387,12.165525060596439,-0.8383404442852339,-2.1927432166662544,6.433100000000561,104,154
71.11051678657532,16.0312195418814,-0.925974729999642,-2.6019775023800404,6.4347000000005234,100,155
71.13117909431458,16.0312195418814,-0.9159384799993641,-2.6428975023811736,6.436300000000486,100,155
71.15144753456116,14.0,-1.0980616114280088,-2.466746828095012,6.439400000000572,102,157
71.17206144332886,14.0,-1.0949561714280822,-2.4856818680945643,6.4410000000005345,102,157
71.19265103340149,12.0,-1.185487199999586,-2.3083780966653826,6.442500000000476,104,158
71.21284627914429,12.0,-1.181477039999475,-2.3408760166662828,6.445600000000561,104,158
71.23348546028137,12.0,-1.1794072799995239,-2.357649136665886,6.447200000000524,104,158
71.25405955314636,9.0,-1.1773375199995728,-2.0850312623798506,6.448800000000486,107,158
71.27430272102356,9.0,-1.1733273599994618,-2.1113189523805787,7.653500000000534,107,158
71.29465460777283,6.0,-1.1712575999995107,-1.8388760952374756,7.656700000000457,110,158
71.31490635871887,6.0,-1.169317199999586,-1.8486260952370972,7.659700000000342,110,158
71.33562588691711,5.385164807134504,-1.165307039999475,-1.4874192723802881,7.665900000000514,114,158
71.35631108283997,5.385164807134504,-1.1632372799995239,-1.4936387923801413,7.665900000000514,114,158
71.37656307220459,2.23606797749979,-1.254616845713834,-1.1251942666658066,7.672300000000362,118,159
71.39691686630249,2.23606797749979,-1.2526120757137784,-1.1292044266659176,8.876800000000733,118,159
71.41738486289978,2.23606797749979,-1.2515773557138028,-1.1312741866658687,8.88160000000062,118,159
71.43757438659668,2.23606797749979,-1.2506073057138405,-0.7597337866659439,8.890900000000332,122,159
71.45768737792969,2.23606797749979,-1.2495725857137474,-0.7576640266657577,8.895700000000764,122,159
71.47774338722229,5.0,-1.2475678157138095,-0.18488807238054172,8.900200000000588,128,159
71.49828004837036,5.0,-1.2465330957138339,-0.17658343238073815,8.909800000000363,128,159
71.5186140537262,9.0,-1.3389188099995482,0.30606498904888213,8.914300000000733,133,160
71.53891253471375,9.0,-1.3389188099995482,0.3332006690482404,8.91910000000062,133,160
71.5594654083252,15.0,-1.3389188099995482,0.9284593333332264,8.928400000000332,139,160
71.57985854148865,15.0,-1.3389188099995482,0.9484838133350294,7.73160000000062,139,160
71.60023546218872,15.0,-1.3389188099995482,0.9872812433338274,7.734600000000505,139,160
71.6204674243927,15.0,-1.3389188099995482,1.0073057233333538,7.741000000000353,139,160
71.64062166213989,15.0,-1.3389188099995482,1.0260786733349019,7.7440000000006,139,160
71.66107869148254,22.0,-1.432339244285238,1.7516173933342436,7.7472000000005234,146,161
71.68130397796631,22.0,-1.434344014285176,1.8055549133325726,7.753400000000331,146,161
71.70189785957336,29.0,-0.11301852380952382,3.9387663333333327,7.7566000000006206,153,161
71.72234892845154,29.0,-0.11398857380948618,3.972573183332021,7.759600000000503,153,161
71.74263143539429,29.0,-0.11605801380943724,4.044694463330315,7.766000000000352,153,161
71.76318264007568,31.0,-0.2288955566667401,4.342148213333292,7.769000000000599,155,162
71.7835624217987,31.0,-0.23096531666669118,4.380648213332382,6.570600000000562,155,162
71.8040087223053,32.0,-0.23497547666656693,4.590100190472854,6.5722000000005245,156,162
71.82431316375732,32.0,-0.23704523666675328,4.629836510476432,6.573700000000466,156,162
71.84464025497437,39.0,-0.238985636666678,5.639241860474659,6.576800000000551,163,162
71.86499214172363,39.0,-0.24105539666662906,5.687972900473506,6.578400000000514,163,162
71.88537645339966,50.0,-0.1321630238095417,7.477393323334098,6.580000000000476,174,161
71.90581560134888,50.0,-0.13319774380951724,7.541663403332578,8.989300000000734,174,161
71.92634916305542,64.0,-0.24616464666661117,10.077750443330517,8.994100000000621,188,162
71.94703984260559,64.0,-0.2501748066667222,10.246559083335192,8.998600000000446,188,162
71.96752047538757,64.0,-0.25211520666664694,10.328240683332023,9.007900000000703,188,162
71.98777341842651,80.0,-0.1422527838094796,13.81060356332922,9.012700000000589,204,161
72.00794720649719,80.0,-0.14425755380953512,14.04024164333558,9.017500000000476,204,161
72.0283043384552,92.0,-0.14529227380951065,17.185795563332118,9.026800000000733,216,161
72.04891729354858,92.0,-0.1463269938094862,17.33230948332865,9.031600000000621,216,161
72.06918787956238,100.0,-0.2612342966667401,19.916047906194787,9.036100000000445,224,162
72.08958959579468,100.0,-0.2631746966666648,20.073171106188692,9.045400000000704,224,162
