timestamp,distance,vx,vy,vz,x,y
20.16960334777832,157.05094714773293,19.206333333333333,0.48933333333333334,-3.9655999999995433,124,3
20.190272331237793,157.05094714773293,19.371183333326936,0.49353333333317034,-3.971799999999351,124,3
20.210816860198975,157.05094714773293,19.54702333336276,0.49801333333408304,-3.975000000000003,124,3
20.230945825576782,156.01281998605114,19.76554333335227,0.2623533333339486,-3.9781999999999273,122,4
20.251107454299927,156.01281998605114,19.94026333334814,0.2645933333338956,-3.9843999999997353,122,4
20.271406888961792,154.01298646542764,19.87274333334406,0.2668333333338426,-3.98759999999966,122,6
20.29160451889038,154.01298646542764,20.034443333337787,0.2689333333337612,-3.990599999999543,122,6
20.311850547790527,153.00326793895613,20.2464533333275,0.15110333333369394,-3.996799999999351,121,7
20.331987619400024,153.00326793895613,20.41781333336241,0.1522233333339221,-4.0000000000000036,121,7
20.352457761764526,153.00326793895613,20.58917333335836,0.15334333333389563,-4.003199999999928,121,7
20.37268590927124,152.0131573252789,20.79901333334814,0.27768333333376116,-4.0061999999998115,122,8
20.392996549606323,152.0131573252789,20.969253333344113,0.2799233333337082,-4.009399999999736,122,8
20.413297653198242,151.00331122197287,21.007803333337964,0.16097333333366745,-4.0155999999995435,121,9
20.433563470840454,151.00331122197287,21.335473333327812,0.16314333333360023,-4.018799999999468,121,9
20.454015493392944,149.00335566691106,21.26235333336181,0.1642633333338284,-4.0217999999993514,121,11
20.474477291107178,149.00335566691106,21.42923333335786,0.16538333333380192,-4.028199999999928,121,11
20.495007276535034,149.00335566691106,21.752563333347844,0.16755333333373468,-4.031199999999812,121,11
20.515679121017456,149.00335566691106,21.9194433333439,0.1686733333337082,-4.034399999999736,121,11
20.53619122505188,149.00335566691106,22.075893333337827,0.16972333333366746,-4.040599999999544,121,11
20.556661367416382,148.00337833982033,22.121653333333906,0.170843333333641,-4.043799999999468,121,12
20.577007293701172,148.00337833982033,22.442813333361645,0.1730133333338284,-4.046799999999352,121,12
20.597154140472412,147.0136048126159,22.487453333357756,0.29525333333377546,-4.0531999999999275,122,13
20.61757493019104,147.0136048126159,22.641803333351767,0.29735333333369396,-5.257699999999753,122,13
20.637853860855103,146.00342461736986,22.848843333344032,0.17959333333364097,-5.26249999999964,121,14
20.658082485198975,146.00342461736986,23.002143333338083,0.18064333333360025,-5.2717999999993514,121,14
20.678558588027954,146.00342461736986,23.165663333334216,0.18176333333357375,-5.276599999999238,121,14
20.699024200439453,146.00342461736986,23.48248333336158,0.1839333333337612,-5.281099999999063,121,14
20.71919012069702,146.00342461736986,23.64600333335771,0.1850533333337347,-5.290699999999927,121,14
20.739660024642944,145.00344823486094,23.678253333351805,0.18610333333369394,-5.2951999999997525,121,15
20.759892463684082,145.00344823486094,23.840653333347966,0.18722333333366747,-5.299999999999639,121,15
20.78050470352173,143.0034964607509,23.91096333333835,0.18939333333360026,-5.309299999999351,121,17
20.80091404914856,143.0034964607509,24.071123333334565,0.19051333333357376,-5.314099999999238,121,17
20.82151985168457,142.00352108310554,24.04,0.191563333333533,-5.318599999999063,121,18
20.842106103897095,142.00352108310554,24.04,0.1938033333337347,-5.328199999999928,121,18
20.862499475479126,141.00354605470034,23.919999999999998,0.19485333333369395,-5.332699999999753,121,19
20.883062839508057,141.00354605470034,23.919999999999998,0.19597333333366745,-5.33749999999964,121,19
20.903537273406982,141.00354605470034,23.919999999999998,0.19814333333360024,-5.346799999999352,121,19
20.9237003326416,140.00357138301865,23.8,0.19926333333357377,-5.351599999999237,121,20
20.94394826889038,140.00357138301865,23.8,0.20031333333353302,-5.3560999999990635,121,20
20.96430206298828,138.00362314084367,23.56,0.2025533333337347,-5.360900000000041,121,22
20.984811067581177,138.00362314084367,23.56,0.20360333333369396,-5.3656999999999275,121,22
21.00532031059265,137.00364958642524,23.439999999999998,0.20472333333366746,-4.173399999999678,121,23
21.02543830871582,137.00364958642524,23.439999999999998,0.20584333333364097,-4.176599999999602,121,23
21.045645475387573,135.00370365289984,23.2,0.20801333333357375,-4.1795999999994855,121,25
21.0659122467041,135.00370365289984,23.2,0.209063333333533,-4.185799999999293,121,25
21.08616805076599,135.00370365289984,23.2,0.21018333333376116,-4.188999999999945,121,25
21.10681176185608,135.00370365289984,23.2,0.21235333333369394,-4.19219999999987,121,25
21.127270460128784,135.00370365289984,23.2,0.21347333333366747,-4.198399999999678,121,25
21.147884368896484,133.00375934536586,22.96,0.21459333333364097,-4.201599999999602,121,27
21.168421745300293,133.00375934536586,22.96,0.21676333333357373,-4.204599999999486,121,27
21.188785791397095,131.00381673829202,22.72,0.21781333333353298,-4.20779999999941,121,29
21.209330320358276,131.00381673829202,22.72,0.21893333333376117,-4.213999999999945,121,29
21.22952389717102,129.0155029444136,22.479999999999997,0.3432733333336267,-4.2171999999998695,122,31
21.249940872192383,129.0155029444136,22.479999999999997,0.3455133333335737,-4.220199999999753,122,31
21.270033836364746,127.01574705523721,22.240000000000002,0.34775333333352076,-4.226599999999602,122,33
21.290335178375244,127.01574705523721,22.240000000000002,0.34985333333343926,-4.229599999999485,122,33
21.310518264770508,127.01574705523721,22.240000000000002,0.3541933333333048,-4.2327999999994095,122,33
21.33057999610901,125.01599897613104,22.0,0.35643333333376115,-5.442100000000213,122,35
21.350706577301025,125.01599897613104,22.0,0.3586733333337082,-5.446900000000099,122,35
21.371203899383545,123.01625908797584,21.759999999999998,0.3630133333335737,-5.451399999999925,122,37
21.391531944274902,123.01625908797584,21.759999999999998,0.3652533333335207,-5.460999999999697,122,37
21.411932945251465,121.01652779682617,21.52,0.3673533333334392,-4.263999999999582,122,39
21.43253517150879,121.01652779682617,21.52,0.3716933333333048,-4.267199999999506,122,39
21.452743530273438,119.01680553602503,21.28,0.3739333333337611,-4.273400000000041,122,41
21.472896575927734,119.01680553602503,21.28,0.37617333333370817,-4.2765999999999655,122,41
21.4929780960083,119.01680553602503,21.28,0.37827333333362667,-4.279599999999849,122,41
21.513219594955444,117.00427342623003,21.04,0.26051333333357374,-4.2827999999997735,121,43
21.533832550048828,117.00427342623003,21.04,0.261563333333533,-4.285999999999698,121,43
21.553992986679077,115.00434774390054,20.799999999999997,0.26268333333350646,-4.2921999999995055,121,45
21.574233770370483,115.00434774390054,20.799999999999997,0.2648533333336939,-4.295199999999389,121,45
21.594503164291382,115.00434774390054,20.799999999999997,0.2659733333336674,-4.298400000000042,121,45
21.614906311035156,115.00434774390054,20.799999999999997,0.26702333333362666,-4.30459999999985,121,45
21.63511610031128,113.00442469213318,20.56,0.2681433333336002,-4.307799999999774,121,47
21.655803203582764,113.00442469213318,20.56,0.2703133333335329,-4.310999999999698,121,47
21.676371812820435,113.00442469213318,20.56,0.27143333333350644,-4.317199999999506,121,47
21.69677424430847,112.0,20.439999999999998,0.15143333333350645,-4.32019999999939,120,48
21.716999292373657,112.0,20.439999999999998,0.15143333333350645,-4.323400000000042,120,48
21.737260103225708,110.0,20.2,0.15143333333350645,-4.32959999999985,120,50
21.75756287574768,110.0,20.2,0.15143333333350645,-4.332799999999774,120,50
21.77822780609131,107.0,19.84,0.15143333333350645,-4.335999999999698,120,53
21.79842972755432,107.0,19.84,0.15143333333350645,-4.342199999999506,120,53
21.81894540786743,105.0,19.6,0.15143333333350645,-4.34519999999939,120,55
21.839401721954346,105.0,19.6,0.15143333333350645,-4.348400000000042,120,55
21.85968518257141,105.0,19.6,0.15143333333350645,-4.3545999999998495,120,55
21.879942417144775,102.0,19.240000000000002,0.15143333333350645,-4.357799999999774,120,58
21.90006732940674,102.0,19.240000000000002,0.15143333333350645,-4.360999999999699,120,58
21.920276165008545,100.0,19.0,0.15143333333350645,-4.367199999999507,120,60
21.940471410751343,100.0,19.0,0.15143333333350645,-4.3701999999993895,120,60
21.960993766784668,97.0,18.64,0.15143333333350645,-4.373400000000042,120,63
21.981122732162476,97.0,18.64,0.15143333333350645,-4.376599999999966,120,63
22.00129532814026,94.0,18.28,0.15143333333350645,-4.37959999999985,120,66
22.022098779678345,94.0,18.28,0.15143333333350645,-4.385999999999699,120,66
22.042500257492065,94.0,18.28,0.15143333333350645,-4.388999999999582,120,66
22.062796354293823,91.00549433962765,17.92,0.030383333333547202,-4.392199999999507,119,69
22.083027362823486,91.00549433962765,17.92,0.02926333333331904,-4.398400000000042,119,69
22.10343074798584,91.00549433962765,17.92,0.028143333333345538,-4.401599999999966,119,69
22.123841524124146,91.00549433962765,17.92,0.025973333333412757,-4.40459999999985,119,69
22.14424753189087,89.00561780022652,17.68,0.024853333333439254,-4.4109999999996985,119,71
22.16442060470581,89.00561780022652,17.68,0.023803333333480003,-4.413999999999582,119,71
22.18490958213806,86.00581375697809,17.32,0.021633333333547222,-4.417199999999506,119,74
22.20504665374756,86.00581375697809,17.32,0.02051333333331906,-4.423400000000042,119,74
22.225369453430176,86.00581375697809,17.32,0.019393333333345558,-4.426599999999967,119,74
22.245938777923584,83.00602387778854,16.96,0.017223333333412777,-4.42959999999985,119,77
22.266441583633423,83.00602387778854,16.96,0.016103333333439274,-4.435999999999698,119,77
22.28657102584839,79.00632886041473,16.48,0.015053333333480023,-4.438999999999583,119,81
22.307217836380005,79.00632886041473,16.48,0.01393333333350652,-4.442199999999506,119,81
22.327457427978516,76.00657866263946,16.119999999999997,0.011763333333319081,-4.448400000000042,119,84
22.34769344329834,76.00657866263946,16.119999999999997,0.010643333333345578,-4.451599999999966,119,84
22.368022680282593,76.00657866263946,16.119999999999997,0.009593333333386328,-4.45459999999985,119,84
22.388694286346436,73.00684899377592,15.76,0.007353333333439294,-4.460999999999698,119,87
22.409147262573242,73.00684899377592,15.76,0.006303333333480043,-4.463999999999582,119,87
22.429851293563843,70.00714249274856,15.4,0.00518333333350654,-4.467199999999506,119,90
22.45045828819275,70.00714249274856,15.4,0.0030133333333191153,-3.270299999999774,119,90
22.470696449279785,67.00746227100382,15.04,0.0018933333333455982,-3.271899999999736,119,93
22.491077184677124,67.00746227100382,15.04,0.000843333333386348,-3.273399999999678,119,93
22.511279582977295,64.00781202322104,14.68,-0.0013966666665606864,-3.2765999999996023,119,96
22.531711101531982,64.00781202322104,14.68,-0.0024466666665199366,-3.2780999999995437,119,96
22.55217218399048,60.03332407921454,14.2,-0.12468666666646697,-3.2796999999995062,118,100
22.572294235229492,60.03332407921454,14.2,-0.1267866666663855,-3.2811999999994477,118,100
22.59260106086731,60.03332407921454,14.2,-0.13126666666678888,-3.2827999999997735,118,100
22.61305022239685,58.034472514187634,13.96,-0.13336666666670738,-3.284399999999736,118,102
22.63326907157898,58.034472514187634,13.96,-0.1356066666666544,-3.28749999999964,118,102
22.65338706970215,55.036351623268054,13.6,-0.13994666666651995,-3.2890999999996016,118,105
22.67361092567444,55.036351623268054,13.6,-0.14218666666646698,-3.290599999999544,118,105
22.693826913833618,55.036351623268054,13.6,-0.1442866666663855,-3.293699999999448,118,105
22.71403193473816,55.036351623268054,13.6,-0.1487666666667889,-3.2952999999997736,118,105
22.734136819839478,51.03920062069938,13.120000000000001,-0.1508666666667074,-3.2968999999997353,118,109
22.754589080810547,51.03920062069938,13.120000000000001,-0.15310666666665443,-3.299999999999639,118,109
22.77522611618042,51.03920062069938,13.120000000000001,-0.15534666666660146,-3.3015999999996017,118,109
22.79540228843689,49.040799340956916,12.879999999999999,-0.159686666666467,-3.303099999999543,118,111
22.81559443473816,49.040799340956916,12.879999999999999,-0.16178666666638553,-3.306199999999447,118,111
22.836027145385742,45.044422518220834,12.399999999999999,-0.16402666666684185,-3.307799999999773,118,115
22.856133460998535,45.044422518220834,12.399999999999999,-0.1683666666667074,-3.3093999999997354,118,115
22.87651777267456,42.1070065428546,12.04,-0.29172666666662794,-3.3124999999996394,117,118
22.89709496498108,42.1070065428546,12.04,-0.2950866666665485,-3.314099999999601,117,118
22.91757893562317,40.11234224026316,11.8,-0.3015966666663468,-3.3155999999995434,117,120
22.93834376335144,40.11234224026316,11.8,-0.3047466666662246,-3.3186999999994473,117,120
22.958481550216675,40.11234224026316,11.8,-0.3081066666669091,-3.320299999999773,117,120
22.978925943374634,37.21558813185679,11.44,-0.4325866666668031,-3.3218999999997347,116,123
22.999488353729248,37.21558813185679,11.44,-0.44126666666653425,-3.3249999999996387,116,123
23.01990032196045,35.35533905932738,11.2,-0.5668666666664018,-3.326599999999601,115,125
23.040405750274658,35.35533905932738,11.2,-0.5721166666661981,-3.3280999999995426,115,125
23.060872077941895,34.52535300326414,11.08,-0.7051366666657947,-3.3311999999994466,114,126
23.08128595352173,34.52535300326414,11.08,-0.7118566666671637,-3.3327999999997724,114,126
23.10200834274292,33.54101966249684,10.96,-0.7185766666670048,-3.334399999999735,114,127
23.122487783432007,33.54101966249684,10.96,-0.7315966666666015,-3.337499999999639,114,127
23.142622709274292,31.575306807693888,10.719999999999999,-0.7383166666664426,-3.3390999999996005,114,129
23.163167715072632,31.575306807693888,10.719999999999999,-0.7446166666661981,-3.340599999999543,114,129
23.183756113052368,31.575306807693888,10.719999999999999,-0.7576366666657947,-3.343699999999447,114,129
23.204278707504272,31.575306807693888,10.719999999999999,-0.7643566666671637,-3.3452999999997726,114,129
23.224650859832764,31.575306807693888,10.719999999999999,-0.7710766666670048,-3.346899999999734,114,129
23.24485206604004,29.427877939124322,2.967666666666667,-0.5116666666666667,-3.3483999999996765,115,131
23.265159368515015,29.427877939124322,3.000146666665899,-0.5172666666665342,-3.349999999999638,115,131
23.285409688949585,26.476404589747453,2.7274466666648394,-0.5225166666663306,-3.353099999999542,115,134
23.3059983253479,26.476404589747453,2.756566666664151,-0.528116666666198,-3.3546999999995046,115,134
23.326440811157227,25.495097567963924,2.7108166666688365,-0.5389666666671352,-3.356199999999446,115,135
23.34678077697754,25.495097567963924,2.7388166666681744,-0.5445666666670028,-3.357799999999772,115,135
23.367204427719116,25.495097567963924,2.7650666666671557,-0.5498166666667991,-3.360899999999676,115,135
23.38761305809021,23.53720459187964,2.6165866666659374,-0.5610166666665343,-3.3624999999996383,115,137
23.408118724822998,23.53720459187964,2.6407366666650005,-0.5662666666663305,-3.3640999999996,115,137
23.428535223007202,21.840329667841555,2.4642566666644443,-0.6729866666661717,-3.367199999999504,114,139
23.44888663291931,21.840329667841555,2.5098266666683804,-0.6860066666672963,-4.570199999999388,114,139
23.469377517700195,19.6468827043885,2.331106666667877,-0.5916066666671638,-4.57340000000004,115,141
23.489691257476807,19.6468827043885,2.3510566666671027,-0.59685666666696,-4.579599999999848,115,141
23.510124683380127,18.681541692269406,2.2712166666666262,-0.6024566666668276,-4.5827999999997715,115,142
23.530577659606934,18.681541692269406,2.310276666665416,-0.6133066666664915,-4.5859999999996965,115,142
23.550791025161743,18.681541692269406,2.330436666664939,-0.6189066666663591,-3.3890999999996003,115,142
23.571013927459717,15.811388300841896,2.046186666664328,-0.6241566666661553,-3.3905999999995418,115,145
23.591253995895386,15.811388300841896,2.0797866666673532,-0.6353566666671637,-3.3921999999998675,115,145
23.611671209335327,13.92838827718412,1.8934366666668239,-0.6406066666669601,-3.3952999999997715,115,147
23.632188081741333,13.92838827718412,1.9079966666664796,-0.6462066666668276,-2.1952999999997718,115,147
23.65227222442627,13.0,1.8340366666656729,-0.6570566666664914,-2.1952999999997718,115,148
23.672539949417114,13.0,1.847476666665355,-0.662656666666359,-2.1952999999997718,115,148
23.693079948425293,13.0,1.860076666664866,-0.6679066666661553,-2.1952999999997718,115,148
23.713247299194336,13.0,1.8735166666676042,-0.6735066666672962,-2.1952999999997718,115,148
23.733484745025635,13.0,1.8995566666667973,-0.68435666666696,-3.396799999999714,115,148
23.753865242004395,11.180339887498949,1.7107566666665324,-0.6899566666668275,-3.396799999999714,115,150
23.7741379737854,11.180339887498949,1.7219566666662676,-0.6955566666666951,-3.399999999999638,115,150
23.794368267059326,10.816653826391969,1.6414866666656627,-0.8085766666662919,-3.4014999999995794,114,151
23.814777612686157,10.816653826391969,1.6509366666652958,-0.8148766666660474,-3.403099999999542,114,151
23.835164308547974,10.0,1.5598966666671212,-0.8215966666674165,-3.406199999999809,114,152
23.855443239212036,10.0,1.5772566666665835,-0.8346166666670131,-3.4077999999997717,114,152
23.875613927841187,8.48528137423857,1.3839766666664244,-0.8413366666668542,-3.409299999999713,114,154
23.89578080177307,8.48528137423857,1.3906966666662655,-0.8480566666666953,-3.4124999999996373,114,154
23.915968894958496,8.48528137423857,1.3969966666660212,-0.8543566666664508,-3.4139999999995796,114,154
23.936294317245483,7.810249675906654,1.307846666665685,-0.8673766666660474,-3.4155999999995412,114,155
23.956761598587036,7.810249675906654,1.3134466666668256,-0.8740966666674165,-4.621800000000077,114,155
23.97725009918213,8.06225774829855,1.21792666666672,-0.9819366666672311,-4.625000000000002,113,156
23.99742555618286,8.06225774829855,1.2266066666664508,-0.9971266666667604,-4.627999999999885,113,156
24.018096208572388,7.615773105863909,1.1299666666663715,-1.004966666666575,-4.634399999999733,113,157
24.038655757904053,7.615773105863909,1.133116666666249,-1.01231666666629,-4.637399999999618,113,157
24.058805227279663,7.280109889280518,1.0374566666661147,-1.0275066666658192,-4.640599999999541,113,158
24.07898449897766,7.280109889280518,1.039696666666571,-1.0353466666674165,-4.646800000000077,113,158
24.09913969039917,7.280109889280518,1.0419366666665182,-1.0431866666672311,-4.650000000000001,113,158
24.11975121498108,7.280109889280518,1.0440366666664367,-1.050536666666946,-4.652999999999885,113,158
24.140305280685425,7.280109889280518,1.0485166666663306,-1.066216666666575,-4.659399999999733,113,158
24.160807371139526,7.0710678118654755,0.9495666666662899,-1.07356666666629,-4.662399999999617,113,159
24.181357860565186,7.0710678118654755,0.9506866666662633,-1.0814066666661046,-4.665599999999541,113,159
24.201696634292603,7.0710678118654755,0.9528566666664507,-1.0965966666674165,-4.6718000000000774,113,159
24.221989154815674,7.0710678118654755,0.9539766666664242,-1.1044366666672312,-4.6718000000000774,113,159
24.242377281188965,7.0710678118654755,0.9550266666663835,-1.111786666666946,-3.476499999999943,113,159
24.262737274169922,7.0710678118654755,0.9572666666663305,-1.1274666666665751,-3.4780999999999054,113,159
24.28322124481201,7.0,0.8572666666663306,-1.13481666666629,-3.479699999999867,113,160
24.303686141967773,7.0,0.8572666666663306,-1.1426566666661047,-3.482799999999771,113,160
24.323983669281006,7.0,0.8572666666663306,-1.1578466666674165,-3.4842999999997133,113,160
24.344505310058594,7.280109889280518,0.6550266666663835,-1.1656866666672312,-3.485900000000039,113,162
24.36466646194458,7.280109889280518,0.652926666666465,-1.173036666666946,-3.488999999999943,113,162
24.384770393371582,7.280109889280518,0.6506866666665179,-1.1808766666667605,-2.288999999999943,113,162
24.404974937438965,7.280109889280518,0.6463466666666524,-1.19606666666629,-2.288999999999943,113,162
24.42526149749756,7.280109889280518,0.6441066666667052,-1.2039066666661047,-2.288999999999943,113,162
24.445890426635742,7.280109889280518,0.6420066666667867,-1.2112566666658195,-3.4904999999998845,113,162
24.46642541885376,8.246211251235321,0.6375266666663835,-1.329176666667433,-3.4921000000002103,112,162
24.486931800842285,8.246211251235321,0.635426666666465,-1.337576666667107,-3.495200000000114,112,162
24.507532119750977,8.246211251235321,0.6331866666665178,-1.346536666666895,-3.4968000000000767,112,162
24.527910232543945,8.246211251235321,0.6288466666666523,-1.3638966666663572,-3.4984000000000384,112,162
24.548205614089966,8.246211251235321,0.6266066666667052,-1.3728566666661455,-3.5014999999999423,112,162
24.568432331085205,7.280109889280518,0.6245066666667867,-1.28020666666586,-3.5029999999998847,113,162
24.58862328529358,7.280109889280518,0.6200266666663834,-1.295886666667272,-3.5046000000002104,113,162
24.609081745147705,8.246211251235321,0.6179266666664649,-1.404286666666946,-3.5077000000001144,112,162
24.629379510879517,8.246211251235321,0.6156866666665177,-1.413246666666734,-3.509300000000076,112,162
24.649901628494263,8.246211251235321,0.6134466666665708,-1.422206666666522,-4.7125,112,162
24.670179843902588,8.246211251235321,0.6091066666667051,-1.4395666666659843,-4.718699999999808,112,162
24.690335512161255,8.246211251235321,0.6070066666667866,-1.4479666666656583,-4.721699999999692,112,162
24.710938692092896,8.246211251235321,0.6047666666663303,-1.4569266666674836,-4.7249000000003445,112,162
24.731384992599487,8.246211251235321,0.6004266666664648,-1.4742866666669459,-4.731100000000152,112,162
24.751710653305054,8.246211251235321,0.5981866666665177,-1.483246666666734,-4.734300000000076,112,162
24.771862983703613,8.246211251235321,0.5959466666665707,-1.4922066666665221,-4.737500000000001,112,162
24.792330741882324,8.246211251235321,0.591606666666705,-1.5095666666659842,-4.740499999999884,112,162
24.812825441360474,8.246211251235321,0.5895066666667865,-1.5179666666656582,-4.743699999999809,112,162
24.833199501037598,9.219544457292887,0.5872666666663302,-1.6280466666677118,-4.749900000000344,111,162
24.853445768356323,9.219544457292887,0.5850266666663833,-1.6381266666674734,-4.753100000000268,111,162
24.873679876327515,9.219544457292887,0.5806866666665176,-1.6576566666668684,-4.756100000000152,111,162
24.894166946411133,9.219544457292887,0.5784466666665706,-1.66773666666663,-4.7625,111,162
24.91458821296692,9.219544457292887,0.5763466666666521,-1.6771866666662634,-4.765499999999884,111,162
24.935007572174072,9.219544457292887,0.5720066666667865,-1.6967166666656581,-4.768699999999808,111,162
24.955646991729736,9.219544457292887,0.5697666666663301,-1.706796666667712,-4.771699999999692,111,162
24.975814819335938,9.219544457292887,0.5675266666663832,-1.7168766666674733,-4.7781000000002685,111,162
24.995997428894043,9.219544457292887,0.5631866666665175,-1.7364066666668685,-4.781100000000151,111,162
25.016592741012573,10.198039027185569,0.5609466666665706,-1.8476066666666036,-4.784300000000076,110,162
25.03699040412903,10.198039027185569,0.5588466666666521,-1.858106666666196,-4.790499999999884,110,162
25.05745792388916,10.04987562112089,0.6566766666667193,-1.8798066666655238,-4.793699999999808,110,161
25.077568769454956,10.04987562112089,0.6555566666664912,-1.8910066666678054,-4.796699999999692,110,161
25.09779644012451,10.04987562112089,0.6544366666665177,-1.9022066666675408,-4.803100000000268,110,161
25.118205547332764,10.04987562112089,0.6533866666665584,-1.912706666667133,-4.806100000000152,110,161
25.13860058784485,10.04987562112089,0.6511466666666114,-1.9351066666666035,-4.809300000000076,110,161
25.15891432762146,10.04987562112089,0.6500966666666521,-1.945606666666196,-6.018599999999788,110,161
25.179444789886475,10.04987562112089,0.6489766666666786,-1.9568066666659312,-6.023399999999674,110,161
25.199849843978882,10.04987562112089,0.6468066666664912,-1.9785066666678055,-6.0278999999995,110,161
25.2202467918396,10.04987562112089,0.6456866666665178,-1.9897066666675407,-6.037500000000364,110,161
25.240522384643555,10.04987562112089,0.6446366666665585,-2.0002066666671334,-4.840500000000247,110,161
25.26126194000244,10.04987562112089,0.6423966666666114,-2.0226066666666034,-4.843700000000172,110,161
25.281663179397583,10.04987562112089,0.6413466666666522,-2.033106666666196,-4.84989999999998,110,161
25.30239248275757,10.04987562112089,0.6402266666666787,-2.044306666665931,-4.853099999999904,110,161
25.322767734527588,10.04987562112089,0.6391766666667195,-2.054806666665524,-4.856099999999788,110,161
25.342857837677002,10.04987562112089,0.6369366666665178,-2.0772066666675406,-6.065700000000652,110,161
25.363049268722534,10.04987562112089,0.6358866666665586,-2.087706666667133,-6.065700000000652,110,161
25.38318133354187,11.045361017187261,0.6347666666665851,-2.200026666666842,-6.075000000000363,109,161
25.40328049659729,11.045361017187261,0.6325966666666524,-2.223896666666102,-6.079800000000251,109,161
25.423511028289795,11.045361017187261,0.6314766666666789,-2.2362166666658108,-6.084300000000075,109,161
25.44368577003479,11.045361017187261,0.6304266666667196,-2.2477666666653624,-6.093599999999787,109,161
25.464245796203613,11.045361017187261,0.628186666666518,-2.2724066666675813,-6.098400000000765,109,161
25.48447871208191,10.04987562112089,0.6271366666665588,-2.182906666667174,-6.103200000000652,110,161
25.50479245185852,10.04987562112089,0.6260166666665853,-2.194106666666909,-6.112500000000364,110,161
25.52487587928772,10.04987562112089,0.6248966666666118,-2.205306666666644,-6.117300000000251,110,161
25.545223474502563,10.04987562112089,0.6227266666666791,-2.2270066666659716,-6.121800000000076,110,161
25.565725088119507,11.045361017187261,0.6216766666667198,-2.3385566666655238,-6.131099999999788,109,161
25.585891485214233,11.045361017187261,0.6205566666664917,-2.3508766666680336,-6.135900000000765,109,161
25.606138467788696,11.045361017187261,0.618386666666559,-2.374746666667294,-6.140700000000653,109,161
25.626233339309692,11.045361017187261,0.6172666666665855,-2.3870666666670024,-6.1500000000003645,109,161
25.646323680877686,11.045361017187261,0.616146666666612,-2.399386666666711,-7.356400000000213,109,161
25.66655683517456,11.045361017187261,0.6150966666666527,-2.410936666666263,-7.36239999999998,109,161
25.687039136886597,11.045361017187261,0.61292666666672,-2.4348066666655237,-7.3747999999995955,109,161
25.707363843917847,11.045361017187261,0.6118066666664919,-2.4471266666680336,-7.3812000000009,109,161
25.727660417556763,11.045361017187261,0.6106866666665184,-2.459446666667742,-7.387600000000749,109,161
25.74790930747986,11.045361017187261,0.6085166666665857,-2.4833166666670023,-6.19690000000046,109,161
25.768458127975464,11.0,0.7085166666665856,-2.495636666666711,-6.19690000000046,109,160
25.78881573677063,11.0,0.7085166666665856,-2.5071866666662626,-6.206200000000172,109,160
25.809205770492554,11.0,0.7085166666665856,-2.531056666665523,-6.211000000000059,109,160
25.82938289642334,11.0,0.7085166666665856,-2.543376666668033,-6.215499999999884,109,160
25.850058794021606,11.045361017187261,0.6073966666666122,-2.5556966666677416,-6.225100000000749,109,161
25.870447874069214,11.045361017187261,0.6052266666666795,-2.5795666666670023,-6.229600000000573,109,161
25.890727996826172,11.045361017187261,0.604106666666706,-2.591886666666711,-6.234400000000461,109,161
25.911010026931763,11.045361017187261,0.6030566666667467,-2.6034366666662625,-6.243700000000173,109,161
25.931262493133545,11.045361017187261,0.6019366666667733,-2.615756666665971,-6.248500000000059,109,161
25.95143485069275,11.045361017187261,0.5997666666665858,-2.6396266666680326,-6.252999999999885,109,161
25.971542358398438,11.045361017187261,0.5986466666666124,-2.651946666667741,-6.262600000000749,109,161
25.992166996002197,10.04987562112089,0.5975966666666531,-2.562446666667334,-6.267100000000574,110,161
26.012688636779785,10.04987562112089,0.5953566666667061,-2.584846666666804,-6.2719000000004606,110,161
26.03304958343506,10.04987562112089,0.5943066666667468,-2.595346666666397,-6.281200000000172,110,161
26.05351948738098,10.04987562112089,0.5931866666667733,-2.606546666666132,-7.487600000000022,110,161
26.07386350631714,10.04987562112089,0.5910166666665859,-2.628246666668006,-7.493599999999788,110,161
26.094395637512207,10.04987562112089,0.5898966666666124,-2.6394466666677414,-7.506400000000941,110,161
26.1147518157959,10.04987562112089,0.5888466666666532,-2.6499466666673337,-7.512400000000708,110,161
26.135026454925537,10.04987562112089,0.5877266666666797,-2.661146666667069,-7.518800000000557,110,161
26.155235528945923,10.04987562112089,0.585556666666747,-2.682846666666397,-7.531200000000172,110,161
26.17534375190735,11.045361017187261,0.5844366666667735,-2.7951666666661055,-7.537600000000022,109,161
26.1959068775177,11.045361017187261,0.5833866666668143,-2.8067166666656576,-7.543599999999788,109,161
26.216254234313965,11.0,0.6833866666668142,-2.831356666667876,-7.5564000000009415,109,160
26.23679518699646,11.0,0.6833866666668142,-2.842906666667428,-7.562400000000709,109,160
26.257052421569824,11.0,0.6833866666668142,-2.8552266666671366,-7.568800000000557,109,160
26.277775526046753,11.0,0.6833866666668142,-2.879096666666397,-7.575200000000406,109,160
26.29797387123108,11.0,0.6833866666668142,-2.8914166666661054,-7.587600000000021,109,160
26.31838631629944,10.0,0.6833866666668142,-2.801916666665698,-7.593599999999789,110,160
26.33891010284424,10.0,0.6833866666668142,-2.8243166666677144,-7.600000000001093,110,160
26.35925316810608,10.04987562112089,0.7844366666667735,-2.834816666667307,-7.612400000000709,110,159
26.37993812561035,10.04987562112089,0.785556666666747,-2.846016666667042,-7.618800000000558,110,159
26.400265216827393,10.04987562112089,0.7866766666667204,-2.8572166666667775,-7.625200000000406,110,159
26.420714139938354,10.04987562112089,0.7888466666666532,-2.8789166666661052,-7.631200000000174,110,159
26.44141721725464,9.055385138137417,0.7898966666666124,-2.7883666666657385,-7.637600000000022,111,159
26.461962699890137,9.055385138137417,0.7910166666668406,-2.7984466666677923,-7.650000000001093,111,159
26.482272148132324,9.055385138137417,0.7931866666667733,-2.817976666667187,-7.656400000000942,111,159
26.502758502960205,9.055385138137417,0.7943066666667468,-2.828056666666949,-7.662400000000709,111,159
26.522974491119385,9.055385138137417,0.7954266666667202,-2.8381366666667103,-7.675200000000407,111,159
26.54353618621826,9.055385138137417,0.797596666666653,-2.8576666666661055,-7.681200000000174,111,159
26.563907384872437,9.055385138137417,0.7986466666666122,-2.867116666665739,-7.6935999999997895,111,159
26.58436870574951,10.04987562112089,0.7997666666668404,-2.9783166666680208,-7.7000000000010935,110,159
26.604488134384155,10.04987562112089,0.8019366666667731,-3.0000166666673485,-7.706400000000942,110,159
26.624613761901855,10.0,0.7019366666667731,-3.0112166666670834,-7.712400000000709,110,160
26.644731283187866,10.0,0.7019366666667731,-3.0224166666668184,-7.725200000000407,110,160
26.665266036987305,10.0,0.7019366666667731,-3.032916666666411,-7.7312000000001735,110,160
26.685465335845947,9.0,0.7019366666667731,-2.952446666665806,-7.737600000000023,111,160
26.70561718940735,9.0,0.7019366666667731,-2.9625266666678596,-7.750000000001094,111,160
26.725800037384033,9.055385138137417,0.8030566666667466,-2.9726066666676214,-7.7564000000009425,111,159
26.74627137184143,9.055385138137417,0.8052266666666793,-2.992136666667016,-7.76240000000071,111,159
26.76671028137207,10.04987562112089,0.8063466666666528,-3.1033366666667512,-7.775200000000407,110,159
26.787251234054565,10.04987562112089,0.807396666666612,-3.113836666666344,-7.781200000000174,110,159
26.80742883682251,10.04987562112089,0.8095666666665448,-3.1355366666656717,-7.7876000000000225,110,159
26.827979803085327,10.04987562112089,0.8106866666667729,-3.1467366666679535,-7.800000000001094,110,159
26.848509073257446,10.04987562112089,0.8118066666667464,-3.1579366666676885,-7.806400000000943,110,159
26.868985891342163,10.04987562112089,0.8128566666667056,-3.168436666667281,-7.81240000000071,110,159
26.889463901519775,10.04987562112089,0.8150966666666527,-3.1908366666667516,-7.825200000000407,110,159
26.90964913368225,10.04987562112089,0.816146666666612,-3.2013366666663443,-7.831200000000175,110,159
26.930052280426025,10.04987562112089,0.8172666666665854,-3.2125366666660793,-7.837600000000023,110,159
26.950636625289917,10.198039027185569,0.9216066666669602,-3.2342366666679534,-7.850000000001094,110,158
26.970972299575806,10.198039027185569,0.9238466666669074,-3.2454366666676884,-7.856400000000943,110,158
26.991357803344727,10.198039027185569,0.9259466666668259,-3.255936666667281,-7.86240000000071,110,158
27.011555433273315,10.198039027185569,0.9304266666667198,-3.2783366666667515,-7.868800000000559,110,158
27.032004594802856,10.198039027185569,0.9325266666666383,-3.288836666666344,-7.875200000000408,110,158
27.052335023880005,10.198039027185569,0.9347666666665855,-3.300036666666079,-7.887600000000024,110,158
27.073171854019165,10.198039027185569,0.9391066666669603,-3.3217366666679533,-7.893599999999791,110,158
27.09354853630066,10.04987562112089,0.8402266666669337,-3.3329366666676883,-7.900000000001095,110,159
27.114048957824707,10.04987562112089,0.8412766666668929,-3.343436666667281,-7.91240000000071,110,159
27.134591817855835,10.04987562112089,0.8423966666668664,-3.354636666667016,-7.918800000000559,110,159
27.154905080795288,10.04987562112089,0.8445666666667991,-3.3763366666663437,-7.925200000000408,110,159
27.175275087356567,10.04987562112089,0.8456866666667726,-3.3875366666660787,-6.73450000000012,110,159
27.19537663459778,10.04987562112089,0.8467366666667319,-3.3980366666656714,-6.738999999999945,110,159
27.215667247772217,10.04987562112089,0.8489766666669335,-3.420436666667688,-6.743800000000922,110,159
27.23611617088318,10.04987562112089,0.8500266666668927,-3.430936666667281,-6.753100000000634,110,159
27.256696462631226,10.04987562112089,0.8511466666668662,-3.442136666667016,-6.757900000000522,110,159
27.277244567871094,10.0,0.7511466666668662,-3.4638366666663436,-6.762700000000407,110,160
27.29758310317993,10.0,0.7511466666668662,-3.4750366666660786,-6.772000000000119,110,160
27.318065404891968,10.0,0.7511466666668662,-3.4855366666656713,-6.776499999999945,110,160
27.338507175445557,10.0,0.7511466666668662,-3.496736666667953,-6.781300000000923,110,160
27.358928680419922,10.04987562112089,0.6489766666669335,-3.518436666667281,-6.790600000000635,110,161
27.379149913787842,10.04987562112089,0.6478566666669601,-3.529636666667016,-6.795400000000521,110,161
27.39959406852722,11.045361017187261,0.6467366666669866,-3.6419566666667245,-6.800200000000408,109,161
27.420114040374756,11.045361017187261,0.6445666666670539,-3.665826666665985,-6.80950000000012,109,161
27.440552711486816,11.045361017187261,0.6435166666670946,-3.6773766666655368,-6.813999999999945,109,161
27.46109676361084,11.180339887498949,0.5412766666666382,-3.6896966666680466,-6.818800000000923,109,162
27.48159122467041,11.180339887498949,0.5369366666667728,-3.7135666666673073,-6.828100000000635,109,162
27.501669883728027,11.180339887498949,0.5346966666668256,-3.725886666667016,-6.832900000000521,109,162
27.5219988822937,11.180339887498949,0.5324566666668786,-3.7382066666667244,-6.8377000000004085,109,162
27.542513847351074,11.180339887498949,0.528116666667013,-3.762076666665985,-6.842200000000233,109,162
27.563093900680542,11.180339887498949,0.5260166666670945,-3.7736266666655367,-6.851499999999945,109,162
27.5833740234375,11.180339887498949,0.5237766666666381,-3.7859466666680466,-6.856300000000923,109,162
27.603554248809814,11.180339887498949,0.5215366666666912,-3.798266666667755,-6.8611000000008096,109,162
27.623900413513184,11.180339887498949,0.5171966666668255,-3.822136666667016,-6.865600000000635,109,162
27.644338369369507,11.180339887498949,0.5149566666668786,-3.8344566666667244,-6.870400000000521,109,162
27.664883852005005,11.180339887498949,0.5128566666669601,-3.846006666666276,-6.879700000000233,109,162
27.6852126121521,11.180339887498949,0.5085166666670944,-3.8698766666655366,-6.88450000000012,109,162
27.70575475692749,11.180339887498949,0.5062766666666381,-3.8821966666680465,-6.888999999999945,109,162
27.726014137268066,11.180339887498949,0.5040366666666911,-3.894516666667755,-6.89860000000081,109,162
27.746278524398804,11.180339887498949,0.4996966666668255,-3.9183866666670157,-6.903100000000634,109,162
27.766707181930542,11.40175425099138,0.3963366666669049,-3.9307066666667243,-6.907900000000522,109,163
27.787317514419556,11.40175425099138,0.3931866666670272,-3.942256666666276,-6.917200000000234,109,163
27.807655572891235,11.40175425099138,0.3866766666672289,-3.9661266666655366,-6.92200000000012,109,163
27.827964544296265,11.40175425099138,0.3833166666665444,-3.9784466666680465,-6.926499999999946,109,163
27.84827756881714,11.40175425099138,0.37995666666662387,-3.990766666667755,-6.93610000000081,109,163
27.868850469589233,11.40175425099138,0.3768066666667461,-4.002316666667307,-8.142100000000577,109,163
27.889094829559326,11.40175425099138,0.37008666666690504,-4.026956666666724,-8.148500000000425,109,163
27.909449577331543,11.40175425099138,0.3669366666670273,-4.038506666666276,-8.16090000000004,109,163
27.929762363433838,11.40175425099138,0.36357666666710675,-4.050826666665984,-8.16729999999989,109,163
27.950190782546997,12.36931687685298,0.3570666666665445,-4.176866666668233,-8.173299999999657,108,163
27.970454216003418,12.36931687685298,0.353706666666624,-4.190306666667915,-6.982900000000521,108,163
27.990766763687134,12.36931687685298,0.35055666666674623,-4.202906666667426,-6.987400000000347,108,163
28.01108407974243,12.36931687685298,0.34383666666690516,-4.22978666666679,-6.992200000000233,108,163
28.03158712387085,12.36931687685298,0.3406866666670274,-4.2423866666663015,-7.001499999999945,108,163
28.052103996276855,12.36931687685298,0.33732666666710687,-4.255826666665984,-7.0062999999998326,108,163
28.07237410545349,12.36931687685298,0.3341766666672291,-4.268426666665494,-7.010799999999657,108,163
28.09265971183777,12.36931687685298,0.3274566666666241,-4.295306666667915,-7.020400000000522,108,163
28.112885236740112,12.36931687685298,0.32430666666674635,-4.307906666667426,-7.024900000000347,108,163
28.13345193862915,12.36931687685298,0.3209466666668258,-4.321346666667107,-7.029700000000234,108,163
28.15368628501892,12.649110640673518,0.2122666666670947,-4.347386666666301,-7.0389999999999455,108,164
28.174185037612915,12.649110640673518,0.2077866666672007,-4.360826666665983,-7.0389999999999455,108,164
28.194417476654053,12.36931687685298,0.3046366666673229,-4.373426666665495,-7.048299999999657,108,163
28.214603424072266,12.36931687685298,0.2979166666667179,-4.400306666667914,-7.053100000000635,108,163
28.234804391860962,12.649110640673518,0.19371666666688092,-4.412906666667425,-7.057900000000522,108,164
28.255309343338013,12.649110640673518,0.1892366666669869,-4.426346666667108,-7.067200000000234,108,164
28.275658130645752,12.36931687685298,0.28587666666706635,-4.439786666666789,-7.07200000000012,108,163
28.29627275466919,12.36931687685298,0.27936666666726806,-4.465826666665983,-7.076499999999946,108,163
28.316562175750732,12.36931687685298,0.2762166666673903,-4.478426666665493,-7.085799999999658,108,163
28.337136268615723,12.36931687685298,0.2728566666667058,-4.491866666668232,-7.090600000000635,108,163
28.357316493988037,12.36931687685298,0.26634666666690754,-4.517906666667425,-7.095400000000522,108,163
28.377542972564697,12.36931687685298,0.262986666666987,-4.5313466666671065,-7.104700000000234,108,163
28.39789605140686,12.36931687685298,0.25962666666706646,-4.5447866666667895,-7.1095000000001205,108,163
28.418567657470703,13.341664064126334,0.2531166666672682,-4.672996666665915,-7.113999999999946,107,163
28.43898344039917,13.341664064126334,0.24996666666739042,-4.686646666665386,-7.123299999999658,107,163
28.459152698516846,13.341664064126334,0.24660666666670594,-4.701206666668352,-7.128100000000636,107,163
28.47941827774048,13.341664064126334,0.24009666666690765,-4.729416666667478,-7.132900000000522,107,163
28.499732494354248,13.341664064126334,0.23673666666698712,-4.743976666667134,-7.1422000000002335,107,163
28.52022075653076,13.341664064126334,0.23337666666706658,-4.75853666666679,-7.147000000000121,107,163
28.540748119354248,13.341664064126334,0.23022666666718883,-4.77218666666626,-7.151499999999945,107,163
28.561474561691284,13.341664064126334,0.22371666666739054,-4.800396666665386,-7.160799999999657,107,163
28.58200716972351,13.341664064126334,0.22035666666670606,-4.814956666668352,-7.1656000000006355,107,163
28.602129459381104,13.341664064126334,0.21699666666678552,-4.829516666668008,-7.170400000000522,107,163
28.62265133857727,13.341664064126334,0.21048666666698723,-4.857726666667134,-7.174900000000347,107,163
28.64320158958435,13.341664064126334,0.2071266666670667,-4.87228666666679,-7.179700000000234,107,163
28.66333556175232,13.341664064126334,0.20397666666718894,-4.88593666666626,-7.188999999999946,107,163
28.683583736419678,13.341664064126334,0.19746666666739066,-4.914146666665387,-7.1937999999998326,107,163
28.703885316848755,13.341664064126334,0.19410666666670612,-4.9287066666683526,-7.198299999999658,107,163
28.72398829460144,13.341664064126334,0.19074666666678558,-4.943266666668008,-7.207900000000523,107,163
28.744539499282837,14.560219778561036,0.0865466666669486,-5.057966666667438,-7.212400000000347,106,164
28.764713287353516,14.560219778561036,0.07758666666716046,-5.089326666666697,-7.2172000000002345,106,164
28.785174131393433,14.560219778561036,0.07338666666732346,-5.104026666666127,-7.226499999999946,106,164
28.805336952209473,14.560219778561036,0.0689066666674294,-5.119706666665756,-7.231299999999832,106,164
28.825757026672363,14.560219778561036,0.060226666666679696,-5.15008666666838,-7.235799999999658,106,164
28.8458468914032,14.560219778561036,0.05574666666678563,-5.165766666668009,-7.245400000000522,106,164
28.866255044937134,14.560219778561036,0.051546666666948626,-5.1804666666674395,-7.2499000000003475,106,164
28.886937379837036,14.560219778561036,0.04258666666716049,-5.211826666666698,-7.254700000000234,106,164
28.907539129257202,14.560219778561036,0.03838666666732349,-5.226526666666127,-7.263999999999946,106,164
28.927950859069824,14.560219778561036,0.03390666666742942,-5.242206666665757,-7.268799999999833,106,164
28.94840717315674,14.560219778561036,0.02522666666667972,-5.272586666668381,-7.273299999999658,106,164
28.96904444694519,14.560219778561036,0.02074666666678565,-5.288266666668011,-7.282900000000522,106,164
28.9893319606781,14.560219778561036,0.01654666666694865,-5.30296666666744,-7.287400000000348,106,164
29.009501457214355,14.560219778561036,0.012066666667054582,-5.318646666667069,-7.292200000000234,106,164
29.02994704246521,14.560219778561036,0.0033866666673235124,-5.349026666666128,-7.301499999999946,106,164
29.05005955696106,14.560219778561036,-0.0010933333325705563,-5.364706666665757,-7.306299999999833,106,164
29.070291996002197,14.866068747318506,-0.10634333333236679,-5.379406666665187,-7.310799999999658,106,165
29.09056830406189,14.866068747318506,-0.11754333333337524,-5.410766666668011,-7.3204000000005225,106,165
29.11105442047119,14.866068747318506,-0.1227933333331715,-5.4254666666674405,-7.3204000000005225,106,165
29.1315598487854,14.866068747318506,-0.1283933333330391,-5.44114666666707,-7.329700000000234,106,165
29.151955604553223,14.866068747318506,-0.13924333333270295,-5.471526666666128,-7.334500000000121,106,165
29.17236018180847,14.866068747318506,-0.14484333333257055,-5.487206666665758,-7.338999999999946,106,165
29.192858457565308,14.866068747318506,-0.1500933333323668,-5.501906666665187,-7.348299999999658,106,165
29.21342372894287,14.866068747318506,-0.15569333333350766,-5.5175866666683815,-7.3531000000006355,106,165
29.233649015426636,14.866068747318506,-0.1665433333331715,-5.54796666666744,-7.357900000000523,106,165
29.254597187042236,14.866068747318506,-0.1721433333330391,-5.563646666667069,-7.367200000000235,106,165
29.275197982788086,14.866068747318506,-0.1777433333329067,-5.579326666666699,-7.372000000000121,106,165
29.295520544052124,14.866068747318506,-0.18859333333257056,-5.609706666665757,-7.376499999999947,106,165
29.315611839294434,14.866068747318506,-0.1938433333323668,-5.624406666665187,-7.385799999999659,106,165
29.336209535598755,14.866068747318506,-0.19944333333350767,-5.640086666668381,-7.390600000000636,106,165
29.35656762123108,14.866068747318506,-0.21029333333317152,-5.67046666666744,-7.395400000000523,106,165
29.377199172973633,15.811388300841896,-0.21589333333303912,-5.787266666667042,-7.4047000000002345,105,165
29.39765453338623,15.811388300841896,-0.22149333333290672,-5.804066666666645,-7.409500000000121,105,165
29.417999744415283,15.811388300841896,-0.23234333333257057,-5.836616666665637,-7.413999999999946,105,165
29.43847155570984,15.811388300841896,-0.23759333333236682,-5.852366666665025,-7.423299999999658,105,165
29.458691120147705,15.811388300841896,-0.24319333333350768,-5.869166666668448,-7.4281000000006365,105,165
29.478962421417236,15.811388300841896,-0.24879333333337528,-5.885966666668051,-7.432900000000522,105,165
29.49909210205078,15.811388300841896,-0.25964333333303913,-5.918516666667043,-7.442200000000234,105,165
29.519397974014282,16.15549442140351,-0.3663633333328803,-5.935316666666646,-7.447000000000122,105,166
29.539772272109985,16.15549442140351,-0.37266333333263585,-5.951066666666034,-7.451499999999946,105,166
29.560240268707275,16.15549442140351,-0.3856833333322325,-5.983616666665026,-7.460799999999658,105,166
29.5807101726532,16.15549442140351,-0.39240333333360156,-6.000416666668449,-7.465600000000636,105,166
29.601167678833008,16.15549442140351,-0.39912333333344263,-6.017216666668052,-7.470400000000523,105,166
29.62141728401184,15.652475842498529,-0.514313333332972,-5.947596666667111,-7.479700000000235,106,167
29.641655921936035,15.652475842498529,-0.5221533333327866,-5.96327666666674,-7.484500000000121,106,167
29.662269115447998,15.652475842498529,-0.5295033333325014,-5.977976666666169,-7.488999999999947,106,167
29.6827654838562,15.652475842498529,-0.5446933333320307,-6.008356666665228,-7.493799999999833,106,167
29.703037977218628,15.652475842498529,-0.552533333333628,-6.024036666668422,-7.4982999999996585,106,167
29.723472356796265,15.652475842498529,-0.5603733333334426,-6.039716666668052,-7.507900000000523,106,167
29.74358868598938,15.652475842498529,-0.5677233333331574,-6.054416666667481,-7.512400000000348,106,167
29.76395297050476,15.652475842498529,-0.5834033333327866,-6.08577666666674,-7.517200000000235,106,167
29.78453230857849,15.652475842498529,-0.5907533333325014,-6.100476666666169,-7.526499999999947,106,167
29.8046658039093,16.1245154965971,-0.6997133333322895,-6.116156666665798,-7.531299999999833,106,168
29.824963569641113,16.1245154965971,-0.7170733333337889,-6.146536666668422,-7.535799999999659,106,168
29.84533190727234,16.1245154965971,-0.726033333333577,-6.162216666668051,-7.545400000000523,106,168
29.865549564361572,16.1245154965971,-0.734433333333251,-6.176916666667481,-7.549900000000348,106,168
29.885673999786377,15.264337522473747,-0.7523533333328273,-6.106036666666792,-7.554700000000235,107,168
29.90624475479126,15.264337522473747,-0.7607533333325013,-6.1196866666662615,-7.563999999999947,107,168
29.926796913146973,15.264337522473747,-0.7697133333322894,-6.134246666665917,-7.568799999999833,107,168
29.947073221206665,15.264337522473747,-0.7781133333319635,-6.147896666665387,-7.573299999999659,107,168
29.967283010482788,15.264337522473747,-0.796033333333577,-6.177016666668009,-7.582900000000523,107,168
29.987504482269287,15.264337522473747,-0.8044333333332511,-6.190666666667479,-7.587400000000349,107,168
30.0077702999115,15.264337522473747,-0.8133933333330392,-6.2052266666671345,-7.5922000000002345,107,168
30.02840256690979,15.264337522473747,-0.8307533333325013,-6.23343666666626,-7.601499999999947,107,168
30.04891538619995,15.264337522473747,-0.8397133333322895,-6.247996666665916,-7.606299999999834,107,168
30.069217920303345,15.264337522473747,-0.8481133333319635,-6.261646666665386,-7.610799999999659,107,168
30.089607000350952,15.264337522473747,-0.866033333333577,-6.2907666666680075,-7.620400000000524,107,168
30.10970163345337,15.264337522473747,-0.874433333333251,-6.3,-7.620400000000524,107,168
30.130242109298706,15.264337522473747,-0.8833933333330392,-6.3,-7.629700000000236,107,168
30.15039086341858,15.264337522473747,-0.8923533333328273,-6.3,-7.634500000000123,107,168
30.170892000198364,15.264337522473747,-0.9097133333322894,-6.3,-7.638999999999948,107,168
30.191173553466797,15.264337522473747,-0.9181133333319635,-6.3,-7.64829999999966,107,168
30.21154236793518,15.264337522473747,-0.9270733333337889,-6.3,-7.653100000000638,107,168
30.232110738754272,15.264337522473747,-0.9444333333332511,-6.3,-7.657900000000525,107,168
30.252376079559326,14.7648230602334,-0.8522733333330657,-6.3,-7.6672000000002365,107,167
30.272629022598267,14.7648230602334,-0.8601133333328803,-6.3,-7.672000000000123,107,167
30.292942762374878,14.7648230602334,-0.8753033333324097,-6.3,-7.676499999999948,107,167
30.31349492073059,14.7648230602334,-0.8826533333321245,-6.3,-7.68579999999966,107,167
30.333747625350952,14.7648230602334,-0.8904933333337217,-6.3,-7.6906000000006385,107,167
30.35408091545105,14.7648230602334,-0.8983333333335363,-6.3,-7.695400000000525,107,167
30.374187707901,14.7648230602334,-0.9135233333330657,-6.3,-7.704700000000237,107,167
30.394790172576904,14.317821063276353,-0.8202433333329068,-6.3,-7.709500000000124,107,166
30.415305614471436,14.317821063276353,-0.8265433333326624,-6.3,-7.713999999999949,107,166
30.435544729232788,14.317821063276353,-0.839563333332259,-6.3,-7.723299999999661,107,166
30.455788612365723,14.317821063276353,-0.846283333333628,-6.3,-6.526500000000313,107,166
30.47636651992798,14.317821063276353,-0.8530033333334691,-6.3,-6.529700000000236,107,166
30.496549606323242,14.317821063276353,-0.8660233333330658,-6.3,-6.535900000000044,107,166
30.51678466796875,14.317821063276353,-0.8727433333329069,-6.3,-6.539099999999969,107,166
30.537156581878662,14.317821063276353,-0.8790433333326624,-6.3,-6.542099999999852,107,166
30.557684898376465,14.317821063276353,-0.892063333332259,-6.3,-6.545299999999777,107,166
30.578393697738647,13.92838827718412,-0.7976633333333998,-6.3,-7.75460000000058,107,165
30.59859299659729,13.92838827718412,-0.8032633333332673,-6.3,-7.759400000000467,107,165
30.61871314048767,13.92838827718412,-0.8085133333330636,-6.3,-7.763900000000292,107,165
30.638964414596558,13.92838827718412,-0.8197133333327987,-6.3,-7.7687000000001785,107,165
30.659378051757812,13.0,-0.824963333332595,-6.2,-7.773500000000065,108,165
30.679970026016235,13.0,-0.8305633333324626,-6.2,-6.581199999999814,108,165
30.700158834457397,13.0,-0.8414133333333997,-6.2,-6.584199999999699,108,165
30.720757246017456,13.0,-0.8470133333332673,-6.2,-6.5874000000003505,108,165
30.741207599639893,13.0,-0.8522633333330636,-6.2,-6.5936000000001584,108,165
30.76145100593567,13.0,-0.8634633333327988,-6.2,-7.798400000000044,108,165
30.781714916229248,13.0,-0.8687133333325949,-6.2,-7.803199999999931,108,165
30.80194115638733,12.083045973594572,-0.8743133333324626,-6.1,-7.812499999999643,109,165
30.822300672531128,12.083045973594572,-0.8795633333322588,-6.1,-7.816999999999468,109,165
30.84290385246277,12.083045973594572,-0.8907633333332673,-6.1,-7.821800000000446,109,165
30.86352014541626,12.083045973594572,-0.8960133333330635,-6.1,-6.629600000000217,109,165
30.883930683135986,12.083045973594572,-0.9016133333329311,-6.1,-6.632800000000142,109,165
30.90447449684143,12.083045973594572,-0.912463333332595,-6.1,-6.636000000000065,109,165
30.924768447875977,12.083045973594572,-0.9180633333324626,-6.1,-6.642199999999873,109,165
30.945047855377197,11.180339887498949,-0.9233133333322588,-6.0,-6.6451999999997575,110,165
30.965365171432495,11.180339887498949,-0.9345133333332674,-6.0,-7.850000000000735,110,165
30.985532760620117,10.770329614269007,-0.8387133333331043,-6.0,-7.859300000000447,110,164
31.005889654159546,10.770329614269007,-0.8431933333329984,-6.0,-7.864100000000334,110,164
31.026029586791992,9.848857801796104,-0.8476733333328925,-5.9,-7.86890000000022,111,164
31.04647183418274,9.848857801796104,-0.8563533333326235,-5.9,-7.878199999999932,111,164
31.06700110435486,9.848857801796104,-0.8605533333324605,-5.9,-6.681199999999816,111,164
31.087190866470337,9.486832980505138,-0.7639133333331452,-5.9,-6.684400000000467,111,163
31.10766911506653,9.486832980505138,-0.7704233333329433,-5.9,-6.690600000000275,111,163
31.128192901611328,8.54400374531753,-0.7737833333328639,-5.8,-6.690600000000275,112,163
31.148447513580322,8.54400374531753,-0.7771433333327844,-5.8,-6.6970000000001235,112,163
31.168856143951416,8.54400374531753,-0.7836533333325828,-5.8,-6.700000000000008,112,163
31.189289569854736,8.54400374531753,-0.7868033333324604,-5.8,-6.703199999999931,112,163
31.20956325531006,7.615773105863909,-0.790163333333145,-5.7,-6.709400000000468,113,163
31.22977924346924,7.615773105863909,-0.7966733333329433,-5.7,-6.712600000000391,113,163
31.25029706954956,7.615773105863909,-0.8000333333328639,-5.7,-6.715600000000276,113,163
31.270505905151367,7.615773105863909,-0.8033933333327844,-5.7,-6.722000000000124,113,163
31.291100025177002,7.615773105863909,-0.8065433333326621,-5.7,-6.725000000000007,113,163
31.311177730560303,6.708203932499369,-0.8130533333324604,-5.6,-6.728199999999932,114,163
31.331317901611328,6.708203932499369,-0.8164133333331449,-5.6,-6.734400000000466,114,163
31.351430416107178,6.708203932499369,-0.8197733333330655,-5.6,-6.737600000000391,114,163
31.371795654296875,6.708203932499369,-0.8262833333328637,-5.6,-6.740600000000274,114,163
31.39255690574646,6.708203932499369,-0.8296433333327843,-5.6,-6.7470000000001225,114,163
31.412757635116577,6.708203932499369,-0.832793333332662,-5.6,-6.750000000000007,114,163
31.433290004730225,6.708203932499369,-0.8393033333324603,-5.6,-6.75319999999993,114,163
31.4536714553833,5.830951894845301,-0.8426633333331448,-5.5,-6.759400000000467,115,163
31.4742112159729,5.830951894845301,-0.8460233333330653,-5.5,-6.76260000000039,115,163
31.494620084762573,5.830951894845301,-0.8491733333329431,-5.5,-6.7656000000002745,115,163
31.514938592910767,5.830951894845301,-0.8558933333327842,-5.5,-6.772000000000123,115,163
31.535178899765015,5.830951894845301,-0.8590433333326619,-5.5,-6.775000000000006,115,163
31.55561065673828,5.830951894845301,-0.8624033333325825,-5.5,-6.778199999999931,115,163
31.575799465179443,4.47213595499958,-0.7667433333329572,-5.4,-6.784400000000465,116,162
31.59607219696045,4.47213595499958,-0.7689833333329044,-5.4,-6.78760000000039,116,162
31.616169214248657,4.47213595499958,-0.7710833333328229,-5.4,-6.790600000000273,116,162
31.63648223876953,4.47213595499958,-0.7755633333327168,-5.4,-6.797000000000121,116,162
31.657278776168823,4.47213595499958,-0.7776633333326353,-5.4,-5.5985000000000635,116,162
38.31847071647644,118.96217886370441,-4.1593333333333335,13.946,8.59299999999784,234,194
38.33880925178528,118.96217886370441,-4.235493333340191,14.201360000022992,8.628200000001009,234,194
38.35931944847107,118.96217886370441,-4.271193333338806,14.321060000018347,8.64470000000037,234,194
38.37985324859619,116.76043850551436,-4.188153333337931,14.206500000015382,8.64470000000037,232,193
38.40005970001221,116.76043850551436,-4.225113333337058,14.331940000012414,8.679899999999538,232,193
38.42017149925232,115.80155439371269,-4.296723333334839,14.452810000004952,8.696399999998896,231,193
38.440451860427856,115.80155439371269,-4.331373333333494,14.56936000000043,8.73049999999784,231,193
38.46073579788208,113.8859078200635,-4.368333333341024,14.4514400000253,8.748100000001426,229,193
38.48086857795715,113.8859078200635,-4.439943333338806,14.687970000017973,8.76570000000101,229,193
38.50137734413147,114.17968295629481,-4.598023333337905,14.810050000015085,8.799799999999953,229,194
38.521639585494995,114.17968295629481,-4.6361033333370045,14.932130000012199,8.817399999999537,229,194
38.542147397994995,112.89375536317321,-4.954223333334585,14.924320000005006,8.833899999998897,227,196
38.5622615814209,112.89375536317321,-4.992023333333118,15.036670000000646,8.86799999999784,227,196
38.58264780044556,112.89375536317321,-5.032343333341332,15.15651000002506,8.885600000001425,227,196
38.60323166847229,112.89375536317321,-5.072663333340379,15.276350000022227,8.90320000000101,227,196
38.62372946739197,112.89375536317321,-5.150783333337959,15.508540000015033,8.937299999999954,227,196
38.64411973953247,110.3675676999362,-4.948863333337058,15.38614000001225,8.954899999999537,225,194
38.664597272872925,110.3675676999362,-4.9845633333356725,15.496390000007974,8.971399999998898,225,194
38.685187101364136,109.73149046650191,-5.1805133333333195,15.602070000000982,8.98899999999848,224,195
38.70544648170471,109.73149046650191,-5.219713333341305,15.718550000024713,9.023100000001426,224,195
38.72599673271179,109.73149046650191,-5.258913333340379,15.835030000021959,9.04070000000101,224,195
38.746509313583374,109.11003620199197,-5.457033333337958,15.938540000015033,9.05720000000037,223,196
38.7667760848999,109.11003620199197,-5.497353333337005,16.053900000012305,9.092399999999538,223,196
38.78706669807434,107.2240644631605,-5.535153333335538,15.919950000008189,9.108899999998897,221,196
38.807634592056274,107.2240644631605,-5.613273333333118,16.139120000001398,9.126499999998481,221,196
38.827975034713745,106.28264204469139,-5.653593333341332,16.131120000024218,9.160600000001427,220,196
38.84847831726074,106.28264204469139,-5.693913333340379,16.24312000002157,9.17820000000101,220,196
38.86883616447449,105.6882207249228,-5.852763333338871,16.227070000017534,9.19470000000037,219,197
38.88948702812195,105.6882207249228,-5.935643333336911,16.44883000001229,9.212299999999953,219,197
38.90986752510071,105.6882207249228,-5.974493333335403,16.552780000008255,9.246399999998896,219,197
38.93034219741821,105.1094667477673,-6.137053333334396,16.542540000005662,9.26399999999848,218,198
38.95083713531494,105.1094667477673,-6.219513333341519,16.75520000002403,9.298100000001426,218,198
38.97126030921936,104.17773274553444,-6.2620733333405125,16.743840000021457,9.298100000001426,217,198
38.991539001464844,104.17773274553444,-6.301973333338964,16.845690000017505,9.33220000000037,217,198
39.011693477630615,103.24727599312246,-6.387093333336951,16.940730000012422,9.349799999999952,216,198
39.03201413154602,103.24727599312246,-6.426993333335403,17.04153000000851,9.367399999999536,216,198
39.05244064331055,103.07764064044152,-6.711793333334343,17.027930000005995,9.40149999999848,215,200
39.07273030281067,103.07764064044152,-6.753793333332714,17.127680000002123,9.41799999999784,215,200
39.09287691116333,103.07764064044152,-6.8433933333407815,17.340480000021284,9.435600000001426,215,200
39.113372564315796,102.55242561733974,-7.006443333339111,17.319180000017454,9.469700000000369,214,201
39.1336236000061,102.55242561733974,-7.052363333338025,17.424460000014964,9.487299999999953,214,201
39.1536967754364,102.55242561733974,-7.141333333335268,17.628440000008645,9.504899999999537,214,201
39.17409086227417,102.55242561733974,-7.187253333334183,17.733720000006155,9.538999999998481,214,201
39.19431519508362,102.04410811016969,-7.351353333332471,17.71137000000237,9.55549999999784,213,202
39.21479654312134,102.04410811016969,-7.445433333340942,17.919690000021124,9.573100000001425,213,202
39.23499083518982,100.64790112068906,-7.610583333339191,17.775240000017416,9.607200000000368,211,203
39.25539422035217,100.64790112068906,-7.658743333338052,17.877160000015007,9.624799999999953,211,203
39.27593517303467,100.64790112068906,-7.706903333336912,17.92,9.642399999999537,211,203
39.29650855064392,100.17983829094555,-7.922383333333954,17.799999999999997,9.67649999999848,210,204
39.31706213951111,100.17983829094555,-7.968583333332161,17.799999999999997,9.69299999999784,210,204
39.33763098716736,98.8382517044894,-8.138983333342429,17.56,9.710600000001424,208,205
39.35818552970886,98.8382517044894,-8.236633333339404,17.56,9.744700000000368,208,205
39.37892436981201,98.41239759298622,-8.408153333338186,17.439999999999998,9.762299999999952,207,206
39.39942765235901,98.41239759298622,-8.459673333336967,17.439999999999998,9.779899999999536,207,206
39.41973280906677,97.52948272189288,-8.559493333333876,17.32,9.81399999999848,206,206
39.439966440200806,97.52948272189288,-8.607793333332001,17.32,9.830499999997839,206,206
39.46020197868347,97.52948272189288,-8.659313333342496,17.32,9.848100000001425,206,206
39.48063516616821,96.25487000666512,-8.881303333339337,17.08,8.679100000000465,204,207
39.5012788772583,96.25487000666512,-8.933943333338092,17.08,8.679100000000465,204,207
39.52161240577698,95.88013350011565,-9.107703333336822,16.96,8.711099999999709,203,208
39.54212784767151,95.88013350011565,-9.211863333333595,16.96,8.726099999999127,203,208
39.562732219696045,95.01578816175763,-9.262263333331639,16.84,8.742099999998748,202,208
39.58312225341797,95.01578816175763,-9.31602333334259,16.84,9.97470000000175,202,208
39.60349750518799,94.66784036831093,-9.490903333341294,16.72,9.992300000001334,201,209
39.623897314071655,94.66784036831093,-9.597233333337998,16.72,10.008800000000694,201,209
39.644270181655884,94.66784036831093,-9.6521133333367,16.72,10.043999999999862,201,209
39.66464018821716,92.64987857520376,-9.824613333334664,16.36,10.060499999999221,198,210
39.68476605415344,92.64987857520376,-9.933113333331303,16.36,8.876499999998844,198,210
39.70526838302612,92.64987857520376,-9.989113333342711,16.36,8.907500000001521,198,210
39.725560426712036,92.64987857520376,-10.045113333341387,16.36,8.923500000001143,198,210
39.745810985565186,91.52595260361949,-10.275783333337959,16.119999999999997,8.93850000000056,196,211
39.766303062438965,91.52595260361949,-10.332903333336606,16.119999999999997,8.970499999999804,196,211
39.78674912452698,91.02197536858887,-10.628553333334448,15.879999999999999,8.985499999999222,194,213
39.806989431381226,91.02197536858887,-10.687913333333043,15.879999999999999,9.001499999998844,194,213
39.82724976539612,91.02197536858887,-10.802923333342978,15.879999999999999,9.032500000001521,194,213
39.8477578163147,90.0,-10.983403333341549,15.64,9.048500000001143,192,214
39.86833953857422,90.0,-11.04010333333935,15.64,9.06350000000056,192,214
39.88845944404602,89.02246907382428,-11.283303333336434,15.4,9.095499999999804,190,215
39.90916562080383,89.02246907382428,-11.341053333334195,15.4,9.110499999999222,190,215
39.92933988571167,88.23831367382311,-11.402653333332736,15.28,9.126499999998844,189,215
39.94972777366638,88.23831367382311,-11.522003333343047,15.28,9.157500000001521,189,215
39.96999144554138,87.32124598286491,-11.704723333341564,15.04,9.157500000001521,187,216
39.99055600166321,87.32124598286491,-11.763523333339283,15.04,9.18850000000056,187,216
40.01098561286926,87.32124598286491,-11.888963333336315,15.04,8.002900000000219,187,216
40.031349658966064,86.45229898620394,-12.068813333333992,14.8,8.017299999999878,185,217
40.05152654647827,86.45229898620394,-12.132653333332483,14.8,8.045199999999014,185,217
40.07193899154663,84.95881355103778,-12.19250333333016,14.559999999999999,8.05869999999849,183,217
40.09243679046631,84.95881355103778,-12.320183333341657,14.559999999999999,8.073100000001425,183,217
40.1129424571991,84.17244204607586,-12.501083333339293,14.32,8.10100000000056,181,218
40.133286237716675,84.17244204607586,-12.566043333337756,14.32,8.11540000000022,181,218
40.153746604919434,82.73451516749222,-12.691903333333858,14.08,8.129799999999879,179,218
40.17414331436157,82.73451516749222,-12.756863333332321,14.08,8.157699999999014,179,218
40.19445490837097,82.73451516749222,-12.817763333329957,14.08,8.17119999999849,179,218
40.21498227119446,82.03657720797473,-13.069923333341858,13.84,8.185600000001426,177,219
40.23519992828369,82.03657720797473,-13.131873333339453,13.84,8.213500000000561,177,219
40.255518198013306,80.65977932030313,-13.19795333333789,13.6,8.22790000000022,175,219
40.27600383758545,80.65977932030313,-13.264033333336329,13.6,8.24229999999988,175,219
40.296443462371826,80.05623023850174,-13.514233333332292,13.36,8.255799999999356,173,220
40.316681146621704,80.05623023850174,-13.577233333329849,13.36,8.283699999998491,173,220
40.336814880371094,80.05623023850174,-13.644433333343539,13.36,8.298100000001424,173,220
40.357027769088745,80.05623023850174,-13.774633333339505,13.36,8.312500000001084,173,220
40.37746286392212,80.05623023850174,-13.841833333337917,13.36,8.34040000000022,173,220
40.397605419158936,78.74642849044012,-13.909033333336327,13.120000000000001,8.35479999999988,171,220
40.41812539100647,78.74642849044012,-14.039233333332293,13.120000000000001,8.368299999999355,171,220
40.438332080841064,77.46612162745726,-14.102233333329849,12.879999999999999,8.39619999999849,169,220
40.458712339401245,77.46612162745726,-14.169433333343537,12.879999999999999,8.410600000001425,169,220
40.47901201248169,77.00649323271382,-14.32,12.64,8.425000000001084,167,221
40.49910855293274,77.00649323271382,-14.32,12.64,8.45290000000022,167,221
40.51923394203186,76.40026177965623,-14.32,12.52,8.46729999999988,166,221
40.5399534702301,76.40026177965623,-14.32,12.52,8.480799999999356,166,221
40.560256004333496,76.40026177965623,-14.32,12.52,8.495199999999016,166,221
40.58064341545105,76.02631123499285,-14.44,12.28,8.508699999998491,164,222
40.60081624984741,76.02631123499285,-14.44,12.28,8.537500000001085,164,222
40.62114763259888,74.06078584514209,-14.32,12.04,8.551000000000561,162,221
40.64132070541382,74.06078584514209,-14.32,12.04,8.56540000000022,162,221
40.66164016723633,72.94518489934754,-14.32,11.8,8.593299999999356,160,221
40.68205714225769,72.94518489934754,-14.32,11.8,8.607699999999015,160,221
40.70220136642456,71.8679344353238,-14.32,11.559999999999999,8.621199999998492,158,221
40.722668170928955,71.8679344353238,-14.32,11.559999999999999,8.650000000001086,158,221
40.74311804771423,71.8679344353238,-14.32,11.559999999999999,8.66350000000056,158,221
40.7637939453125,70.83078426785913,-14.32,11.32,8.677900000000221,156,221
40.7842481136322,70.83078426785913,-14.32,11.32,8.705799999999357,156,221
40.804619789123535,68.96375859826666,-14.2,11.08,8.720199999999016,154,220
40.82510304450989,68.96375859826666,-14.2,11.08,8.733699999998493,154,220
40.84527087211609,68.96375859826666,-14.2,11.08,8.762500000001086,154,220
40.86543536186218,68.96375859826666,-14.2,11.08,8.776000000000561,154,220
40.88572025299072,68.0,-14.2,10.84,8.790400000000222,152,220
40.90594506263733,68.0,-14.2,10.84,8.818299999999358,152,220
40.92602467536926,68.0,-14.2,10.84,8.832699999999017,152,220
40.94672703742981,67.53517601961218,-14.2,10.719999999999999,8.846199999998493,151,220
40.96702694892883,67.53517601961218,-14.2,10.719999999999999,8.875000000001085,151,220
40.98706912994385,65.7419196555744,-14.08,10.48,7.687000000000621,149,219
41.007296085357666,65.7419196555744,-14.08,10.48,7.699800000000318,149,219
41.027770042419434,63.97655820689325,-13.96,10.24,7.712600000000015,147,218
41.0479097366333,63.97655820689325,-13.96,10.24,7.724599999999549,147,218
41.06811237335205,63.97655820689325,-13.96,10.24,7.749399999998781,147,218
41.08864974975586,62.64982043070834,-13.84,10.120000000000001,7.762200000001389,146,217
41.10872292518616,62.64982043070834,-13.84,10.120000000000001,7.775000000001086,146,217
41.12904167175293,60.92618484691127,-13.719999999999999,9.879999999999999,7.799800000000317,144,216
41.149333000183105,60.92618484691127,-13.719999999999999,9.879999999999999,7.812600000000015,144,216
41.16955232620239,60.53924347066124,-13.719999999999999,9.76,7.824599999999549,143,216
41.189756870269775,60.53924347066124,-13.719999999999999,9.76,7.849399999998781,143,216
41.209961891174316,59.23681287847955,-13.6,9.64,7.862200000001389,142,215
41.23024129867554,59.23681287847955,-13.6,9.64,7.875000000001086,142,215
41.25031638145447,59.23681287847955,-13.6,9.64,7.899800000000318,142,215
41.27105212211609,57.9396237474839,-13.48,9.52,7.912600000000015,141,214
41.29155468940735,57.9396237474839,-13.48,9.52,7.92459999999955,141,214
41.31191325187683,56.302753041036986,-13.36,9.28,7.949399999998781,139,213
41.33232855796814,56.302753041036986,-13.36,9.28,7.962200000001388,139,213
41.35240077972412,55.02726596879042,-13.24,9.16,7.975000000001086,138,212
41.37253785133362,55.02726596879042,-13.24,9.16,7.98700000000062,138,212
41.39297127723694,54.405882034941776,-13.24,8.92,8.012600000000015,136,212
41.41317939758301,54.405882034941776,-13.24,8.92,8.024599999999548,136,212
41.43351984024048,54.405882034941776,-13.24,8.92,8.037399999999247,136,212
41.45364856719971,54.405882034941776,-13.24,8.92,8.062200000001388,136,212
41.47418713569641,54.405882034941776,-13.24,8.92,8.075000000001086,136,212
41.49431109428406,53.16013544000805,-13.120000000000001,8.8,8.08700000000062,135,211
41.51459312438965,53.16013544000805,-13.120000000000001,8.8,8.099800000000318,135,211
41.534982204437256,50.695167422546305,-12.879999999999999,8.56,8.112600000000015,133,209
41.55535387992859,50.695167422546305,-12.879999999999999,8.56,8.137399999999246,133,209
41.575634241104126,49.47726750741192,-12.76,8.44,8.149399999998781,132,208
41.59607815742493,49.47726750741192,-12.76,8.44,8.162200000001388,132,208
41.61621165275574,49.47726750741192,-12.76,8.44,8.18700000000062,132,208
41.636467695236206,48.27007354458868,-12.64,8.32,8.199800000000318,131,207
41.65689158439636,48.27007354458868,-12.64,8.32,8.212600000000014,131,207
41.67736101150513,47.29693436154187,-12.52,8.32,8.237399999999246,131,206
41.69789242744446,47.29693436154187,-12.52,8.32,8.249399999998781,131,206
41.7183883190155,45.89117562233506,-12.399999999999999,8.08,8.262200000001389,129,205
41.73863363265991,45.89117562233506,-12.399999999999999,8.08,8.28700000000062,129,205
41.75896334648132,44.721359549995796,-12.28,7.96,8.299800000000317,128,204
41.77910375595093,44.721359549995796,-12.28,7.96,8.312600000000014,128,204
41.79952383041382,42.579337712087536,-12.04,7.84,8.337399999999246,127,202
41.820101261138916,42.579337712087536,-12.04,7.84,8.34939999999878,127,202
41.84051871299744,42.579337712087536,-12.04,7.84,8.362200000001389,127,202
41.86072373390198,41.43669871020132,-11.92,7.72,8.38700000000062,126,201
41.88111352920532,41.43669871020132,-11.92,7.72,8.399800000000317,126,201
41.901572942733765,40.311288741492746,-11.8,7.6,8.412600000000014,125,200
41.92165970802307,40.311288741492746,-11.8,7.6,7.234299999999343,125,200
41.942227363586426,40.311288741492746,-11.8,7.6,7.244799999998936,125,200
41.96244478225708,40.311288741492746,-11.8,7.6,7.256000000001217,125,200
41.982577323913574,40.311288741492746,-11.8,7.6,7.277700000000545,125,200
42.003235816955566,38.118237105091836,-11.559999999999999,7.36,7.28890000000028,123,198
42.023542165756226,38.118237105091836,-11.559999999999999,7.36,7.300100000000015,123,198
42.043895959854126,38.118237105091836,-11.559999999999999,7.36,7.321799999999342,123,198
42.064483642578125,38.118237105091836,-11.559999999999999,7.36,7.332299999998935,123,198
42.08521056175232,36.05551275463989,-11.32,7.24,7.343500000001217,122,196
42.10555839538574,36.05551275463989,-11.32,7.24,7.365200000000545,122,196
42.125922441482544,35.014282800023196,-11.2,7.12,7.37640000000028,121,195
42.14627432823181,35.014282800023196,-11.2,7.12,7.387600000000015,121,195
42.166725397109985,35.014282800023196,-11.2,7.12,7.398099999999608,121,195
42.18699622154236,34.0,-11.08,7.0,7.409299999999343,120,194
42.207441568374634,34.0,-11.08,7.0,7.431000000001217,120,194
42.227911949157715,33.0,-10.96,7.0,7.442200000000953,120,193
42.24858260154724,33.0,-10.96,7.0,7.4527000000005446,120,193
42.26871657371521,31.016124838541646,-10.719999999999999,6.878880000000026,7.46390000000028,119,191
42.289318323135376,31.016124838541646,-10.719999999999999,6.877830000000067,7.485599999999608,119,191
42.30969572067261,29.068883707497267,-2.967666666666667,-0.2046666666666667,7.496799999999343,118,189
42.330196142196655,29.068883707497267,-3.000146666673284,-0.20690666666712304,7.507299999998936,118,189
42.35072088241577,28.160255680657446,-2.9315066666725427,-0.3102666666670436,7.529700000000952,117,188
42.371137380599976,28.160255680657446,-2.99226666667066,-0.3167766666668419,7.540200000000545,117,188
42.39140605926514,28.160255680657446,-3.0236266666699185,-0.32013666666676244,7.55140000000028,117,188
42.41172695159912,26.30589287593181,-2.850926666668859,-0.42433666666659947,7.573099999999608,116,186
42.43191599845886,26.30589287593181,-2.8800466666681706,-0.42881666666649354,7.5842999999993435,116,186
42.45209717750549,25.495097567963924,-2.8342966666728557,-0.5396666666674307,7.594799999998935,115,185
42.47240328788757,25.495097567963924,-2.8622966666721936,-0.5452666666672982,7.6172000000009525,115,185
42.49265098571777,25.495097567963924,-2.888546666671175,-0.5505166666670945,7.627700000000545,115,185
42.51315188407898,25.495097567963924,-2.9445466666698508,-0.5617166666668296,7.63890000000028,115,185
42.533228635787964,24.515301344262525,-2.8697466666688736,-0.566966666666626,8.863699999999511,115,184
42.55371952056885,24.515301344262525,-2.896626666668238,-0.5725666666664935,8.876499999999208,115,184
42.5742552280426,24.515301344262525,-2.948706666672736,-0.5834166666674306,8.888499999998743,115,184
42.594366788864136,23.769728648009426,-2.874466666672127,-0.6901366666672718,8.914100000001048,114,183
42.61481428146362,23.769728648009426,-2.89861666667119,-0.6964366666670273,8.926100000000583,114,183
42.6352424621582,22.135943621178654,-2.7221366666706333,-0.8042766666668419,8.93890000000028,113,181
42.6557035446167,22.135943621178654,-2.7677066666692216,-0.8194666666663714,8.96369999999951,113,181
42.6758291721344,20.615528128088304,-2.5889866666687182,-0.9284266666661595,8.97649999999921,112,179
42.696409463882446,20.615528128088304,-2.6089366666679443,-0.9368266666658335,8.988499999998742,112,179
42.7166907787323,19.697715603592208,-2.5492566666715746,-0.954746666667447,9.014100000001047,112,178
42.736942768096924,19.697715603592208,-2.5681566666708413,-0.963146666667121,9.014100000001047,112,178
42.757091760635376,19.697715603592208,-2.5883166666703645,-0.9721066666669091,9.038900000000279,112,178
42.77754020690918,18.35755975068582,-2.423036666669289,-1.091636666666304,9.051699999999977,111,176
42.79809761047363,18.35755975068582,-2.440956666668865,-1.1017166666660656,9.06369999999951,111,176
42.81850576400757,17.4928556845359,-2.356706666668254,-1.111166666665699,9.088499999998742,111,175
42.83891248703003,17.4928556845359,-2.3903066666712793,-1.1313266666675141,9.10130000000135,111,175
42.85943126678467,17.204650534085253,-2.305006666670709,-1.2418266666671067,9.114100000001049,110,174
42.879565954208374,17.204650534085253,-2.3206866666703383,-1.253026666666842,9.13890000000028,110,174
42.89996290206909,17.204650534085253,-2.336366666669967,-1.264226666666577,9.151699999999977,110,174
42.920315980911255,17.204650534085253,-2.3667466666690262,-1.2859266666659046,9.163699999999512,110,174
42.94072604179382,17.204650534085253,-2.381446666668456,-1.2964266666654973,9.188499999998744,110,174
42.961036920547485,17.204650534085253,-2.3971266666716504,-1.307626666667779,9.20130000000135,110,174
42.98152542114258,17.204650534085253,-2.427506666670709,-1.3293266666671066,9.214100000001048,110,174
43.001933336257935,17.029386365926403,-2.3420666666703647,-1.4416466666668155,9.23890000000028,109,173
43.022382736206055,17.029386365926403,-2.3566266666700204,-1.453966666666524,9.251699999999976,109,173
43.04249835014343,17.029386365926403,-2.3848366666691465,-1.4778366666657847,9.263699999999512,109,173
43.062939167022705,17.029386365926403,-2.398486666668617,-1.4893866666653364,9.288499999998743,109,173
43.08330297470093,17.029386365926403,-2.4130466666715833,-1.5017066666678462,9.301300000001351,109,173
43.10390377044678,17.029386365926403,-2.427606666671239,-1.514026666667555,9.314100000001048,109,173
43.124003648757935,17.029386365926403,-2.4558166666703647,-1.5378966666668155,9.33890000000028,109,173
43.144516944885254,16.278820596099706,-2.369256666670047,-1.5502166666665242,9.351699999999976,109,172
43.164875507354736,16.278820596099706,-2.381856666669558,-1.561766666666076,9.363699999999511,109,172
43.18562388420105,16.278820596099706,-2.4078966666687514,-1.5856366666653365,9.388499999998743,109,172
43.2058002948761,16.278820596099706,-2.4213366666714897,-1.5979566666678464,9.401300000001351,109,172
43.22616481781006,15.556349186104045,-2.3336566666711978,-1.6102766666675552,8.212500000001086,109,171
43.246461629867554,15.556349186104045,-2.3575266666704584,-1.6341466666668154,8.22300000000068,109,171
43.26681900024414,15.556349186104045,-2.369846666670167,-1.6464666666665242,8.24540000000015,109,171
43.28752088546753,14.866068747318506,-2.280346666669759,-1.658016666666076,8.255899999999741,109,170
43.3077073097229,14.866068747318506,-2.302046666669087,-1.6818866666653363,8.267099999999477,109,170
43.32827639579773,14.866068747318506,-2.313246666671369,-1.6942066666678461,8.288800000001352,109,170
43.348759174346924,14.866068747318506,-2.324446666671104,-1.706526666667555,8.300000000001086,109,170
43.36928987503052,14.866068747318506,-2.334946666670697,-1.7180766666671068,8.31050000000068,109,170
43.38960528373718,14.866068747318506,-2.357346666670167,-1.742716666666524,8.33290000000015,109,170
43.40972113609314,14.866068747318506,-2.3678466666697595,-1.7542666666660758,8.343399999999741,109,170
43.430306911468506,14.866068747318506,-2.3790466666694945,-1.7665866666657846,8.354599999999477,109,170
43.45067596435547,14.866068747318506,-2.400746666671369,-1.790456666667846,8.36509999999907,109,170
43.47113537788391,13.45362404707371,-2.310826666671131,-1.7016566666675814,8.37630000000135,110,169
43.4913763999939,13.45362404707371,-2.320276666670764,-1.7121566666671737,8.398000000000678,110,169
43.511852741241455,13.601470508735444,-2.2381966666703406,-1.8367966666665914,8.409200000000414,109,168
43.5322699546814,13.601470508735444,-2.2465966666700146,-1.848346666666143,8.42040000000015,109,168
43.55258631706238,13.601470508735444,-2.2555566666698024,-1.8606666666658516,8.442099999999478,109,168
43.57275891304016,13.601470508735444,-2.2639566666694764,-1.8722166666654034,8.45259999999907,109,168
43.59334683418274,13.601470508735444,-2.28187666667109,-1.896856666667622,8.463800000001351,109,168
43.613611459732056,13.601470508735444,-2.290276666670764,-1.9084066666671737,8.485500000000679,109,168
43.63411283493042,13.601470508735444,-2.299236666670552,-1.9207266666668823,7.295100000000451,109,168
43.65440011024475,13.601470508735444,-2.316596666670014,-1.944596666666143,7.304700000000224,109,168
43.674744844436646,13.601470508735444,-2.325556666669802,-1.9569166666658515,7.323299999999648,109,168
43.69482207298279,13.601470508735444,-2.333956666669476,-1.9684666666654032,7.332299999999298,109,168
43.71522903442383,13.601470508735444,-2.3518766666710897,-1.9931066666676218,7.341900000001254,109,168
43.73539066314697,13.038404810405298,-2.2592266666708047,-2.0046566666671737,7.360500000000678,109,167
43.755659341812134,13.038404810405298,-2.2670666666706194,-2.0169766666668822,7.370100000000451,109,167
43.77595829963684,12.206555615733702,-2.274906666670434,-1.9281766666666174,7.3797000000002235,110,167
43.79638361930847,12.206555615733702,-2.2900966666699634,-1.949876666665945,7.388699999999875,110,167
43.81699776649475,12.206555615733702,-2.297446666669678,-1.9603766666655376,7.407299999999299,110,167
43.837197065353394,12.206555615733702,-2.3052866666712752,-1.9715766666678194,7.416900000001254,110,167
43.85743069648743,12.206555615733702,-2.3204766666708045,-1.993276666667147,7.4265000000010275,110,167
43.877727031707764,12.206555615733702,-2.328316666670619,-2.004476666666882,7.445100000000451,110,167
43.89793586730957,12.206555615733702,-2.336156666670434,-2.015676666666617,7.454700000000224,110,167
43.918437004089355,12.206555615733702,-2.351346666669963,-2.0373766666659447,7.4732999999996474,110,167
43.93858885765076,12.206555615733702,-2.3586966666696783,-2.0478766666655375,7.482299999999299,110,167
43.9590630531311,12.206555615733702,-2.3665366666712755,-2.0590766666678193,7.491900000001254,110,167
43.979395389556885,12.206555615733702,-2.381726666670805,-2.080776666667147,7.510500000000678,110,167
43.99972677230835,12.206555615733702,-2.3895666666706195,-2.0919766666668824,7.510500000000678,110,167
44.02023243904114,12.206555615733702,-2.397406666670434,-2.1031766666666174,7.529700000000224,110,167
44.040613651275635,12.206555615733702,-2.4047566666701488,-2.11367666666621,7.538699999999874,110,167
44.06108570098877,12.206555615733702,-2.419946666669678,-2.135376666665538,7.548299999999648,110,167
44.08152937889099,12.206555615733702,-2.4277866666712753,-2.146576666667819,7.557299999999298,110,167
44.10196924209595,12.041594578792296,-2.536746666671063,-2.056656666667581,7.576500000001027,111,168
44.12222242355347,12.041594578792296,-2.554106666670526,-2.076186666666976,7.585500000000678,111,168
44.14276623725891,12.041594578792296,-2.5630666666703137,-2.0862666666667375,7.604700000000224,111,168
44.16293549537659,12.041594578792296,-2.5714666666699877,-2.095716666666371,7.6136999999998745,111,168
44.183332443237305,12.041594578792296,-2.58882666666945,-2.115246666665766,7.623299999999648,111,168
44.203747510910034,12.041594578792296,-2.5977866666712752,-2.1253266666678194,7.632299999999298,111,168
44.22430109977722,12.041594578792296,-2.6067466666710635,-2.1354066666675813,7.651500000001027,111,168
44.24457597732544,12.041594578792296,-2.6151466666707375,-2.1448566666672146,7.6605000000006775,111,168
44.26498627662659,12.041594578792296,-2.6330666666703135,-2.165016666666738,7.670100000000451,111,168
44.28553104400635,11.313708498984761,-2.6414666666699875,-2.073416666666412,7.688699999999875,112,168
44.30600905418396,11.313708498984761,-2.6504266666697758,-2.0823766666661996,7.698299999999648,112,168
44.326499462127686,11.313708498984761,-2.667786666671275,-2.0997366666676993,7.707299999999298,112,168
44.34694528579712,11.313708498984761,-2.676746666671063,-2.1086966666674876,7.726500000001027,112,168
44.36719369888306,11.313708498984761,-2.685146666670737,-2.1170966666671616,7.735500000000678,112,168
44.38732886314392,10.63014581273465,-2.7030666666703134,-2.032776666666791,7.745100000000451,113,168
44.407492876052856,10.63014581273465,-2.7114666666699874,-2.0401266666665054,7.763699999999875,113,168
44.42783808708191,10.63014581273465,-2.720426666669775,-2.04796666666632,7.773299999999647,113,168
44.448410749435425,10.63014581273465,-2.737786666671275,-2.0631566666676324,7.782299999999299,113,168
44.46856617927551,10.63014581273465,-2.746746666671063,-2.070996666667447,7.8015000000010275,113,168
44.48887324333191,10.63014581273465,-2.755146666670737,-2.0783466666671617,7.810500000000678,113,168
44.509164571762085,10.63014581273465,-2.764106666670525,-2.0861866666669764,7.820100000000451,113,168
44.529377937316895,10.63014581273465,-2.781466666669987,-2.1013766666665057,7.829700000000224,113,168
44.54971146583557,10.63014581273465,-2.7904266666697755,-2.1092166666663204,7.838699999999875,113,168
44.569772720336914,10.63014581273465,-2.7988266666694495,-2.1165666666660354,7.857299999999299,113,168
44.590426206588745,10.63014581273465,-2.8167466666710625,-2.1322466666674473,7.866900000001254,113,168
44.6105010509491,10.63014581273465,-2.8251466666707366,-2.139596666667162,7.876500000001028,113,168
44.630783557891846,10.63014581273465,-2.8341066666705252,-2.1474366666669766,7.895100000000451,113,168
44.6510214805603,10.63014581273465,-2.843066666670313,-2.1552766666667913,7.904700000000224,113,168
44.67142963409424,10.63014581273465,-2.8604266666697757,-2.1704666666663206,7.913699999999875,113,168
44.6915283203125,10.63014581273465,-2.8688266666694497,-2.1778166666660357,7.932299999999299,113,168
44.71192169189453,10.63014581273465,-2.877786666671275,-2.185656666667633,7.9419000000012545,113,168
44.73254442214966,10.63014581273465,-2.895146666670737,-2.200846666667162,7.951500000001028,113,168
44.752861976623535,10.63014581273465,-2.9041066666705255,-2.208686666666977,6.767000000000548,113,168
44.77304005622864,10.63014581273465,-2.9130666666703133,-2.2165266666667915,6.775000000000359,113,168
44.793182134628296,10.816653826391969,-3.032596666669708,-2.1295466666663883,6.782500000000068,114,169
44.81350755691528,10.816653826391969,-3.0420466666693415,-2.1358466666661435,6.797999999999588,114,169
44.83377289772034,10.816653826391969,-3.0521266666713953,-2.1425666666675127,6.806000000001218,114,169
44.85410809516907,10.816653826391969,-3.062206666671157,-2.1492866666673534,6.814000000001029,114,169
44.874422788619995,10.816653826391969,-3.081736666670552,-2.16230666666695,6.829500000000548,114,169
44.89493274688721,10.816653826391969,-3.0918166666703137,-2.1690266666667912,6.837500000000359,114,169
44.91515278816223,10.816653826391969,-3.101266666669947,-2.175326666666547,6.845000000000068,114,169
44.93543815612793,11.661903789690601,-3.222966666669275,-2.1883466666661433,6.852999999999879,114,170
44.95581889152527,11.661903789690601,-3.2341666666715567,-2.195066666667512,6.860499999999588,114,170
44.97615170478821,11.180339887498949,-3.2453666666712917,-2.1006666666673794,6.876500000001029,115,170
44.99640440940857,11.180339887498949,-3.2670666666706194,-2.1115166666670433,6.8840000000007375,115,170
45.016775369644165,11.180339887498949,-3.2782666666703544,-2.1171166666669112,6.892000000000548,115,170
45.03728437423706,11.180339887498949,-3.288766666669947,-2.122366666666707,6.907500000000068,115,170
45.05760598182678,11.180339887498949,-3.310466666669275,-2.133216666666371,6.915499999999879,115,170
45.078240633010864,11.180339887498949,-3.3216666666715566,-2.138816666667512,6.922999999999588,115,170
45.09850716590881,11.180339887498949,-3.3328666666712916,-2.1444166666673796,6.939000000001029,115,170
45.118645429611206,11.180339887498949,-3.3433666666708843,-2.149666666667176,6.9465000000007375,115,170
45.138946294784546,11.180339887498949,-3.3657666666703547,-2.1608666666669114,6.954500000000548,115,170
45.15947103500366,11.704699910719626,-3.4773166666699065,-2.0650666666667483,6.970000000000068,116,171
45.179970502853394,11.704699910719626,-3.489636666669615,-2.069546666666642,6.977999999999879,116,171
45.20016384124756,11.704699910719626,-3.5135066666716765,-2.078226666667392,6.985499999999588,116,171
45.22043800354004,11.704699910719626,-3.525826666671385,-2.082706666667286,7.001500000001029,116,171
45.24085235595703,11.704699910719626,-3.5373766666709368,-2.086906666667123,7.0090000000007375,116,171
45.261435747146606,11.704699910719626,-3.562016666670354,-2.095866666666911,7.017000000000548,116,171
45.28177189826965,11.704699910719626,-3.5735666666699055,-2.100066666666748,7.032500000000068,116,171
45.30204701423645,11.704699910719626,-3.585886666669614,-2.1045466666666424,7.040499999999879,116,171
45.32221817970276,11.704699910719626,-3.5974366666691657,-2.1087466666664794,7.047999999999588,116,171
45.34253549575806,11.704699910719626,-3.622076666671384,-2.117706666667286,7.064000000001029,116,171
45.363051891326904,11.704699910719626,-3.633626666670936,-2.121906666667123,7.0715000000007375,116,171
45.38334321975708,12.36931687685298,-3.747066666670618,-2.0252666666670436,7.079500000000548,117,172
45.40381669998169,12.36931687685298,-3.773106666669811,-2.031776666666842,7.095000000000068,117,172
45.42445683479309,12.36931687685298,-3.7865466666694934,-2.0351366666667623,7.102999999999879,117,172
45.44500994682312,12.36931687685298,-3.7991466666690044,-2.0382866666666404,7.110499999999588,117,172
45.46528911590576,12.36931687685298,-3.8260266666714244,-2.0450066666672457,7.126500000001029,117,172
45.48574876785278,12.36931687685298,-3.8386266666709354,-2.0481566666671234,7.1340000000007375,117,172
45.50595545768738,12.36931687685298,-3.8520666666706176,-2.0515166666670437,7.142000000000548,117,172
45.52675461769104,13.341664064126334,-3.9802766666697433,-2.0580266666668425,7.150000000000359,117,173
45.54723906517029,13.341664064126334,-3.994836666669399,-2.061386666666763,7.157500000000068,117,173
45.56750822067261,13.152946437965905,-4.00848666666887,-1.9634866666666813,7.172999999999588,118,173
45.58800649642944,13.152946437965905,-4.023046666671836,-1.9657266666671376,7.181000000001218,118,173
45.608346700668335,13.152946437965905,-4.051256666670962,-1.970066666667003,7.189000000001029,118,173
45.628517627716064,13.152946437965905,-4.065816666670618,-1.97230666666695,7.204500000000548,118,173
45.64891338348389,13.152946437965905,-4.080376666670274,-1.974546666666897,7.212500000000359,118,173
45.669275999069214,14.035668847618199,-4.210756666669332,-1.8767166666668298,7.220000000000068,119,174
45.69000458717346,14.035668847618199,-4.225456666668762,-1.8777666666667892,7.235499999999588,119,174
45.71029591560364,14.035668847618199,-4.241136666671957,-1.8788866666670174,7.243500000001218,119,174
45.73095512390137,14.035668847618199,-4.271516666671015,-1.8810566666669502,7.251500000001029,119,174
45.751441955566406,14.035668847618199,-4.287196666670645,-1.8821766666669237,7.267000000000548,119,174
45.771570920944214,14.035668847618199,-4.302876666670274,-1.8832966666668973,7.275000000000359,119,174
45.791823625564575,14.035668847618199,-4.333256666669333,-1.88546666666683,7.282500000000068,119,174
45.81214952468872,14.035668847618199,-4.347956666668762,-1.8865166666667894,7.297999999999588,119,174
45.83244061470032,14.035668847618199,-4.363636666671956,-1.8876366666670177,7.306000000001218,119,174
45.85282254219055,14.035668847618199,-4.379316666671586,-1.8887566666669913,7.314000000001029,119,174
45.873361349105835,14.035668847618199,-4.409696666670644,-1.890926666666924,7.329500000000548,119,174
45.89383101463318,14.035668847618199,-4.425376666670274,-1.8920466666668976,7.337500000000359,119,174
45.91393303871155,14.035668847618199,-4.440076666669704,-1.893096666666857,7.345000000000068,119,174
45.934701919555664,14.035668847618199,-4.470456666668762,-1.8952666666667897,7.352999999999879,119,174
45.955289363861084,14.035668847618199,-4.486136666671957,-1.896386666667018,6.1654000000009495,119,174
45.975836515426636,14.035668847618199,-4.501816666671586,-1.8975066666669915,6.171800000000798,119,174
45.9959876537323,14.035668847618199,-4.532196666670645,-1.8996766666669243,6.177800000000565,119,174
46.016218185424805,14.035668847618199,-4.547876666670274,-1.9007966666668978,6.190600000000263,119,174
46.03671407699585,14.035668847618199,-4.562576666669703,-1.9018466666668572,6.196600000000029,119,174
46.05677652359009,14.035668847618199,-4.578256666669333,-1.9029666666668308,7.40459999999984,119,174
46.07773447036743,14.035668847618199,-4.608636666671957,-1.9051366666670182,7.412099999999549,119,174
46.09787583351135,14.035668847618199,-4.624316666671587,-1.9062566666669918,7.420100000001179,119,174
46.11830019950867,14.0,-4.639016666671016,-1.8062566666669917,7.435600000000699,120,174
46.138779163360596,14.0,-4.670376666670275,-1.8062566666669917,7.44360000000051,120,174
46.15888285636902,14.0,-4.685076666669705,-1.8062566666669917,6.250000000000359,120,174
46.17940807342529,14.0,-4.700756666669334,-1.8062566666669917,6.262399999999975,120,174
46.19953918457031,14.0,-4.731136666671958,-1.8062566666669917,6.268399999999741,120,174
46.219733238220215,15.033296378372908,-4.847936666671561,-1.705136666667018,6.274800000001045,121,175
46.24021339416504,15.033296378372908,-4.863686666670949,-1.7040866666670587,6.287200000000661,121,175
46.26068139076233,15.033296378372908,-4.897286666670155,-1.7018466666671117,6.2936000000005095,121,175
46.28101563453674,15.033296378372908,-4.9130366666695435,-1.7007966666671523,6.300000000000359,121,175
46.30131387710571,15.033296378372908,-4.929836666669146,-1.6996766666671788,6.3123999999999745,121,175
46.321441650390625,15.033296378372908,-4.945586666668535,-1.6986266666672194,6.318399999999741,121,175
46.34192180633545,15.033296378372908,-4.979186666671561,-1.6963866666670178,6.324800000001045,121,175
46.36245918273926,15.033296378372908,-4.994936666670949,-1.6953366666670584,6.337200000000661,121,175
46.382808685302734,15.033296378372908,-5.0117366666705525,-1.6942166666670848,6.34360000000051,121,175
46.40305423736572,15.033296378372908,-5.044286666669544,-1.692046666667152,6.3500000000003585,121,175
46.42326641082764,15.033296378372908,-5.061086666669146,-1.6909266666671785,6.362399999999974,121,175
46.44344782829285,15.033296378372908,-5.076836666668536,-1.6898766666672191,6.368399999999742,121,175
46.464274168014526,15.033296378372908,-5.110436666671561,-1.6876366666670175,6.374800000001045,121,175
46.48485445976257,16.1245154965971,-5.227236666670908,-1.5855366666670991,6.387200000000661,122,176
46.505006313323975,16.1245154965971,-5.245156666670485,-1.5832966666671522,6.39360000000051,122,176
46.525501012802124,16.1245154965971,-5.263076666670061,-1.5810566666672052,6.400000000000359,122,176
46.54606056213379,16.1245154965971,-5.297796666668985,-1.5767166666673398,6.412399999999975,122,176
46.566447019577026,16.1245154965971,-5.314596666668333,-1.5746166666674213,6.418399999999742,122,176
46.586811780929565,16.1245154965971,-5.332516666671983,-1.572376666666965,6.424800000001046,122,176
46.60710144042969,16.1245154965971,-5.367236666670909,-1.5680366666670995,6.431200000000894,122,176
46.62732553482056,16.1245154965971,-5.385156666670484,-1.5657966666671526,6.44360000000051,122,176
46.64775109291077,16.1245154965971,-5.40307666667006,-1.5635566666672056,5.248400000000396,122,176
46.66807699203491,16.1245154965971,-5.437796666668985,-1.5592166666673402,5.2529000000002215,122,176
46.68822383880615,16.1245154965971,-5.454596666668333,-1.5571166666674217,5.262199999999933,122,176
46.70869994163513,16.1245154965971,-5.472516666671984,-1.5548766666669653,5.267000000000912,122,176
46.72945833206177,17.11724276862369,-5.609406666670841,-1.5505366666670999,5.271800000000798,122,177
46.750051975250244,17.11724276862369,-5.62844666667039,-1.548296666667153,5.28110000000051,122,177
46.7704336643219,18.24828759089466,-5.748606666669914,-1.4449366666672323,5.285900000000396,123,178
46.79092621803284,18.24828759089466,-5.76750666666918,-1.4417866666673544,5.290400000000222,123,178
46.81128215789795,18.110770276274835,-5.80656666666797,-1.537446666667489,5.299699999999934,122,178
46.83168339729309,18.110770276274835,-5.826726666672077,-1.5352066666670328,5.304500000000911,122,178
46.852046489715576,18.110770276274835,-5.846886666671601,-1.5329666666670858,5.309300000000798,122,178
46.872257471084595,18.110770276274835,-5.885946666670391,-1.5286266666672204,5.31860000000051,122,178
46.8924298286438,18.110770276274835,-5.906106666669914,-1.5263866666672734,5.31860000000051,122,178
46.91268348693848,19.235384061671343,-6.026056666669141,-1.4232366666673955,5.327900000000222,123,179
46.93317127227783,19.235384061671343,-6.067286666667863,-1.416726666667597,5.3327000000001075,123,179
46.95368933677673,19.235384061671343,-6.0885666666721985,-1.4133666666669125,5.3371999999999336,123,179
46.974106311798096,19.235384061671343,-6.109846666671695,-1.410006666666992,5.346800000000798,123,179
46.994550704956055,18.439088914585774,-6.028746666670961,-1.3058066666671548,5.351300000000623,124,178
47.014771461486816,18.439088914585774,-6.0690666666700075,-1.296846666667367,5.3561000000005095,124,178
47.03536295890808,18.439088914585774,-6.087966666669274,-1.29264666666753,5.365400000000221,124,178
47.05553841590881,18.439088914585774,-6.108126666668798,-1.2881666666676357,5.370200000000108,124,178
47.07568359375,18.439088914585774,-6.147186666672171,-1.279486666666886,5.374699999999933,124,178
47.09606409072876,18.439088914585774,-6.167346666671695,-1.2750066666669921,5.384300000000797,124,178
47.11637473106384,18.439088914585774,-6.186246666670962,-1.2708066666671551,5.388800000000623,124,178
47.136473417282104,18.439088914585774,-6.226566666670008,-1.261846666667367,5.393600000000509,124,178
47.157066106796265,18.439088914585774,-6.245466666669275,-1.2576466666675299,5.402900000000221,124,178
47.17764592170715,19.4164878389476,-6.366746666668772,-1.253166666667636,5.407700000000108,124,179
47.197877168655396,19.4164878389476,-6.386696666667998,-1.248966666667799,5.412199999999933,124,179
47.21801233291626,19.4164878389476,-6.42925666667183,-1.240006666666992,5.421800000000797,124,179
47.23850178718567,19.4164878389476,-6.449206666671056,-1.235806666667155,5.426300000000623,124,179
47.25859570503235,19.4164878389476,-6.470486666670553,-1.231326666667261,5.431100000000509,124,179
47.27911734580994,19.4164878389476,-6.511716666669275,-1.2226466666675297,5.435900000000395,124,179
47.299540758132935,19.4164878389476,-6.5329966666687715,-1.2181666666676358,5.445200000000107,124,179
47.319739818573,19.4164878389476,-6.552946666667998,-1.2139666666677988,5.4496999999999325,124,179
47.33997082710266,19.4164878389476,-6.59550666667183,-1.2050066666669919,5.454500000000911,124,179
47.360355615615845,19.4164878389476,-6.615456666671056,-1.2008066666671549,5.463800000000623,124,179
47.380494832992554,19.4164878389476,-6.6367366666705525,-1.196326666667261,5.468600000000509,124,179
47.40109157562256,20.396078054371138,-6.780136666669208,-1.1876466666675296,5.473400000000396,124,180
47.42183041572571,20.396078054371138,-6.8025366666686775,-1.1831666666676357,5.482700000000108,124,180
47.44215512275696,20.396078054371138,-6.823536666667863,-1.1789666666677987,5.487199999999933,124,180
47.462894916534424,20.396078054371138,-6.845936666672427,-1.174486666666886,5.49200000000091,124,180
47.48348689079285,20.396078054371138,-6.889336666671082,-1.1658066666671547,5.501300000000622,124,180
47.50399684906006,20.396078054371138,-6.911736666670552,-1.1613266666672608,5.506100000000509,124,180
47.52449560165405,20.396078054371138,-6.934136666670022,-1.1568466666673665,5.510900000000396,124,180
47.54476284980774,20.615528128088304,-6.977536666668677,-1.0459966666677027,5.515400000000221,125,180
47.56523370742798,20.615528128088304,-6.998536666667863,-1.0407466666679064,5.5202000000001075,125,180
47.58569049835205,20.615528128088304,-7.0,-1.0351466666667655,5.52950000000091,125,180
47.606247425079346,20.615528128088304,-7.0,-1.0242966666671016,5.534300000000797,125,180
47.626627922058105,21.587033144922902,-7.1,-1.0186966666672341,5.538800000000622,125,181
47.64715909957886,21.587033144922902,-7.1,-1.0130966666673666,5.548400000000395,125,181
47.66754698753357,21.587033144922902,-7.1,-1.0022466666677028,5.55290000000022,125,181
47.68769359588623,21.37755832643195,-7.1,-1.0980466666678659,5.557700000000107,124,181
47.70821785926819,21.37755832643195,-7.1,-1.0935666666669532,5.5670000000009106,124,181
47.72899389266968,21.37755832643195,-7.1,-1.089086666667059,5.571800000000797,124,181
47.749267578125,21.37755832643195,-7.1,-1.080406666667328,5.576300000000622,124,181
47.769591093063354,22.360679774997898,-7.2,-1.0759266666674336,5.585900000000395,124,182
47.7899374961853,22.360679774997898,-7.2,-1.0717266666675966,5.590400000000221,124,182
47.8101761341095,22.360679774997898,-7.2,-1.0630466666678657,5.595200000000107,124,182
47.83053278923035,22.360679774997898,-7.2,-1.058566666666953,5.60450000000091,124,182
47.85095953941345,22.360679774997898,-7.2,-1.0540866666670587,5.609300000000797,124,182
47.87128949165344,22.360679774997898,-7.2,-1.0454066666673278,5.613800000000622,124,182
47.89177656173706,22.360679774997898,-7.2,-1.0409266666674335,5.623400000000395,124,182
47.91244626045227,23.53720459187964,-7.300000000000001,-0.9356766666676373,5.627900000000221,125,183
47.93295860290527,23.53720459187964,-7.300000000000001,-0.9248266666679734,5.632700000000107,125,183
47.95305776596069,23.53720459187964,-7.300000000000001,-0.9192266666668325,5.642000000000911,125,183
47.973196029663086,23.53720459187964,-7.300000000000001,-0.913626666666965,5.6468000000007965,125,183
47.99344062805176,22.360679774997898,-7.2,-1.009426666667128,5.651300000000623,124,182
48.01361870765686,22.360679774997898,-7.2,-1.0004666666673399,5.660900000000396,124,182
48.0340735912323,22.360679774997898,-7.2,-0.996266666667503,5.66540000000022,124,182
48.054527044296265,22.360679774997898,-7.2,-0.9917866666676088,5.670200000000108,124,182
48.07512903213501,22.360679774997898,-7.2,-0.9831066666668592,5.674699999999932,124,182
48.095643043518066,22.561028345356956,-7.2,-0.8775066666669917,5.67950000000091,125,182
48.11592698097229,22.561028345356956,-7.2,-0.8722566666671954,5.688800000000622,125,182
48.13616132736206,22.561028345356956,-7.2,-0.8610566666674602,5.693600000000509,125,182
48.156407594680786,22.561028345356956,-7.2,-0.8558066666676638,5.698400000000396,125,182
48.17657423019409,23.53720459187964,-7.300000000000001,-0.8502066666677963,5.7077000000001075,125,183
48.197352170944214,23.53720459187964,-7.300000000000001,-0.844956666668,5.712199999999933,125,183
48.217674255371094,23.53720459187964,-7.300000000000001,-0.8337566666669916,5.71700000000091,125,183
48.237995624542236,22.561028345356956,-7.2,-0.8285066666671952,5.726300000000622,125,182
48.258082151412964,22.561028345356956,-7.2,-0.8229066666673277,5.7311000000005095,125,182
48.278520345687866,22.561028345356956,-7.2,-0.8120566666676639,5.735900000000395,125,182
48.2990186214447,22.561028345356956,-7.2,-0.8064566666677964,5.745200000000107,125,182
48.3193199634552,22.561028345356956,-7.2,-0.801206666668,5.749699999999933,125,182
48.3397102355957,22.561028345356956,-7.2,-0.7900066666669916,5.7545000000009106,125,182
48.36017870903015,22.561028345356956,-7.2,-0.7847566666671952,5.763800000000622,125,182
48.380528688430786,22.561028345356956,-7.2,-0.7791566666673277,5.768600000000509,125,182
48.400938510894775,22.561028345356956,-7.2,-0.7735566666674603,5.773400000000396,125,182
48.42112874984741,22.561028345356956,-7.2,-0.7627066666677964,5.782700000000108,125,182
48.44139862060547,22.561028345356956,-7.2,-0.757456666668,5.787199999999933,125,182
48.46193170547485,21.587033144922902,-7.1,-0.7518566666668591,5.792000000000911,125,181
48.48226451873779,21.587033144922902,-7.1,-0.7410066666671953,5.801300000000623,125,181
48.50281476974487,21.587033144922902,-7.1,-0.7354066666673278,5.806100000000509,125,181
48.52310061454773,21.587033144922902,-7.1,-0.7298066666674603,5.810900000000396,125,181
48.543530225753784,21.587033144922902,-7.1,-0.7189566666677965,5.820200000000108,125,181
48.56374645233154,21.840329667841555,-7.1,-0.6126566666680409,5.820200000000108,126,181
48.58395576477051,21.840329667841555,-7.1,-0.6059366666666719,5.829500000000911,126,181
48.60440683364868,21.587033144922902,-7.1,-0.6950866666670081,5.834300000000797,125,181
48.624738454818726,21.587033144922902,-7.1,-0.6894866666671406,5.838800000000623,125,181
48.64524793624878,21.587033144922902,-7.1,-0.6838866666672732,5.848400000000396,125,181
48.6657772064209,21.587033144922902,-7.1,-0.6786366666674768,5.852900000000221,125,181
48.685908794403076,21.587033144922902,-7.1,-0.667786666667813,5.857700000000108,125,181
48.70605182647705,21.587033144922902,-7.1,-0.662186666666672,5.86700000000091,125,181
48.72646117210388,21.587033144922902,-7.1,-0.6565866666668045,5.871800000000798,125,181
48.74701404571533,21.587033144922902,-7.1,-0.6457366666671407,5.876300000000622,125,181
48.767254114151,21.587033144922902,-7.1,-0.6401366666672732,5.885900000000396,125,181
48.78781342506409,20.396078054371138,-7.0,-0.7359366666674362,5.890400000000222,124,180
48.80802392959595,20.396078054371138,-7.0,-0.727256666667705,5.8952000000001075,124,180
48.828325271606445,19.4164878389476,-6.9,-0.7227766666667924,5.8996999999999336,124,179
48.848469734191895,19.4164878389476,-6.9,-0.7182966666668983,5.909300000000798,124,179
48.868717670440674,19.4164878389476,-6.9,-0.7140966666670613,5.913800000000623,124,179
48.88959813117981,19.4164878389476,-6.9,-0.7051366666672733,5.9186000000005095,124,179
48.910022497177124,19.4164878389476,-6.9,-0.7009366666674363,5.927900000000221,124,179
48.93022108078003,18.681541692269406,-6.8,-0.5953366666675688,5.932700000000108,125,178
48.95042705535889,18.681541692269406,-6.8,-0.5844866666666317,5.937199999999933,125,178
48.970781087875366,18.681541692269406,-6.8,-0.5788866666667642,5.946800000000797,125,178
48.99099850654602,18.681541692269406,-6.8,-0.5736366666669679,5.951300000000623,125,178
49.01149129867554,18.681541692269406,-6.8,-0.5624366666672327,5.956100000000509,125,178
49.03170847892761,18.681541692269406,-6.8,-0.5571866666674363,5.965400000000221,125,178
49.051817417144775,18.681541692269406,-6.8,-0.5515866666675688,5.9702000000001085,125,178
49.07200503349304,18.681541692269406,-6.8,-0.5463366666677725,5.974699999999933,125,178
49.09240531921387,18.681541692269406,-6.8,-0.5351366666667641,5.979500000000911,125,178
49.11297678947449,18.681541692269406,-6.8,-0.5298866666669677,5.984300000000798,125,178
49.13327884674072,18.681541692269406,-6.8,-0.5242866666671002,5.99360000000051,125,178
49.15377449989319,18.681541692269406,-6.8,-0.5134366666674364,5.998400000000396,125,178
49.17404866218567,18.681541692269406,-6.8,-0.5078366666675689,6.0029000000002215,125,178
49.1942503452301,17.46424919657298,-6.7,-0.6036366666677319,6.012199999999933,124,177
49.21472716331482,17.46424919657298,-6.7,-0.5946766666669251,6.017000000000911,124,177
49.235007524490356,17.46424919657298,-6.7,-0.5904766666670881,6.026300000000623,124,177
49.25559449195862,17.46424919657298,-6.7,-0.5859966666671941,6.03110000000051,124,177
49.275771141052246,17.46424919657298,-6.7,-0.5815166666673001,6.035900000000396,124,177
49.296225786209106,16.492422502470642,-6.6,-0.5728366666675689,6.045200000000108,124,176
49.316834926605225,16.492422502470642,-6.6,-0.5686366666677319,6.049699999999934,124,176
49.337172985076904,16.492422502470642,-6.6,-0.5641566666668193,6.054500000000911,124,176
49.35765719413757,16.492422502470642,-6.6,-0.5554766666670882,6.059300000000798,124,176
49.37792372703552,15.524174696260024,-6.5,-0.5509966666671942,6.06860000000051,124,175
49.39824104309082,15.524174696260024,-6.5,-0.5465166666673001,6.0734000000003965,124,175
49.41876459121704,15.297058540778355,-6.5,-0.6400066666675018,6.077900000000222,123,175
49.43889594078064,15.297058540778355,-6.5,-0.6368566666676241,6.0871999999999336,123,175
49.45907139778137,15.297058540778355,-6.5,-0.6334966666669396,6.092000000000912,123,175
49.479482889175415,15.297058540778355,-6.5,-0.6269866666671413,6.101300000000624,123,175
49.50008177757263,15.297058540778355,-6.5,-0.6236266666672208,6.1061000000005095,123,175
49.52028250694275,14.560219778561036,-6.4,-0.5191466666673268,6.110900000000397,124,174
49.54068470001221,14.560219778561036,-6.4,-0.5149466666674898,6.115400000000221,124,174
49.560938596725464,13.601470508735444,-6.3,-0.5062666666677587,6.120200000000109,124,173
49.58148694038391,13.601470508735444,-6.3,-0.501786666666846,6.124699999999933,124,173
49.60162305831909,13.92838827718412,-6.3,-0.39618666666697844,6.134300000000798,125,173
49.62212777137756,13.92838827718412,-6.3,-0.3853366666673146,6.138800000000623,125,173
49.64245629310608,13.92838827718412,-6.3,-0.379736666667447,6.14360000000051,125,173
49.66283321380615,13.92838827718412,-6.3,-0.37448666666765074,6.152900000000222,125,173
49.68296241760254,13.92838827718412,-6.3,-0.3636366666679869,6.1577000000001085,125,173
49.70315980911255,13.601470508735444,-6.3,-0.4591566666670742,6.162199999999934,124,173
49.7233464717865,13.601470508735444,-6.3,-0.4546766666671802,6.171800000000799,124,173
49.74389100074768,13.601470508735444,-6.3,-0.4504766666673432,6.176300000000623,124,173
49.76424551010132,13.601470508735444,-6.3,-0.44151666666755507,6.1811000000005105,124,173
49.784449100494385,14.560219778561036,-6.4,-0.43731666666771807,6.190400000000222,124,174
49.80453681945801,14.560219778561036,-6.4,-0.43283666666782405,6.195200000000108,124,174
49.825042724609375,13.601470508735444,-6.3,-0.4241566666670743,6.199699999999934,124,173
49.845452308654785,13.601470508735444,-6.3,-0.4196766666671803,6.209300000000798,124,173
49.86591935157776,13.601470508735444,-6.3,-0.4154766666673433,6.2138000000006235,124,173
49.88618445396423,13.601470508735444,-6.3,-0.40651666666755515,6.21860000000051,124,173
49.906779527664185,13.601470508735444,-6.3,-0.40231666666771815,6.227900000000222,124,173
49.92691373825073,13.601470508735444,-6.3,-0.39783666666782413,6.232700000000109,124,173
49.94735836982727,13.601470508735444,-6.3,-0.39363666666798713,6.237199999999934,124,173
49.96797513961792,13.601470508735444,-6.3,-0.38467666666718037,6.246800000000798,124,173
49.98871159553528,13.601470508735444,-6.3,-0.38047666666734337,6.251300000000624,124,173
50.009244441986084,13.601470508735444,-6.3,-0.37599666666744935,6.25610000000051,124,173
50.0297966003418,13.601470508735444,-6.3,-0.36731666666771823,6.265400000000222,124,173
50.050434589385986,13.601470508735444,-6.3,-0.3628366666678242,6.270200000000109,124,173
50.07107901573181,13.601470508735444,-6.3,-0.3586366666679872,6.2746999999999336,124,173
50.091333866119385,13.601470508735444,-6.3,-0.34967666666718045,6.2843000000007985,124,173
50.111862659454346,12.649110640673518,-6.2,-0.34547666666734345,6.2843000000007985,124,172
50.1323037147522,12.649110640673518,-6.2,-0.34099666666744943,6.29360000000051,124,172
50.152438163757324,12.36931687685298,-6.2,-0.4344866666676511,6.298400000000397,123,172
50.17286276817322,12.36931687685298,-6.2,-0.4311266666677306,6.302900000000222,123,172
50.19309067726135,12.36931687685298,-6.2,-0.42797666666785283,6.312199999999934,123,172
50.21365928649902,12.36931687685298,-6.2,-0.4212566666672478,6.317000000000911,123,172
50.23422932624817,12.649110640673518,-6.2,-0.31705666666741084,6.321800000000799,124,172
50.25469732284546,12.649110640673518,-6.2,-0.3125766666675168,6.331100000000511,124,172
50.27512788772583,12.649110640673518,-6.2,-0.3080966666676228,6.335900000000397,124,172
50.29578638076782,12.649110640673518,-6.2,-0.2994166666678917,6.340400000000223,124,172
50.31603288650513,12.649110640673518,-6.2,-0.2952166666680547,6.349699999999935,124,172
50.336511850357056,12.649110640673518,-6.2,-0.29073666666714204,6.354500000000912,124,172
50.35703134536743,12.649110640673518,-6.2,-0.2820566666674109,6.359300000000799,124,172
50.37736487388611,12.649110640673518,-6.2,-0.2775766666675169,7.571700000000415,124,172
50.39746713638306,12.649110640673518,-6.2,-0.2730966666676229,7.578100000000264,124,172
50.41779804229736,12.36931687685298,-6.2,-0.3665866666678246,7.5841000000000305,123,172
50.43842029571533,12.36931687685298,-6.2,-0.36343666666794683,7.596499999999646,123,172
50.45862817764282,12.36931687685298,-6.2,-0.36007666666726235,7.60290000000095,123,172
50.47938871383667,12.165525060596439,-6.2,-0.4557366666673968,7.609300000000799,122,172
50.499489307403564,12.165525060596439,-6.2,-0.45349666666744975,7.6217000000004145,122,172
50.51955318450928,12.165525060596439,-6.2,-0.4512566666675027,7.628100000000264,122,172
50.53999876976013,12.165525060596439,-6.2,-0.4491566666675842,7.63410000000003,122,172
50.56045579910278,11.180339887498949,-6.1,-0.44481666666771863,7.646499999999646,122,171
50.580843687057495,11.180339887498949,-6.1,-0.4425766666672623,6.451300000000624,122,171
50.60122346878052,11.180339887498949,-6.1,-0.44033666666731525,6.456100000000511,122,171
50.62138295173645,11.180339887498949,-6.1,-0.4359966666674497,6.465400000000223,122,171
50.641685009002686,11.180339887498949,-6.1,-0.4337566666675026,6.470200000000109,122,171
50.66189932823181,11.180339887498949,-6.1,-0.4316566666675841,6.474699999999935,122,171
50.68240475654602,11.180339887498949,-6.1,-0.42731666666771856,6.479499999999821,122,171
50.702664852142334,11.180339887498949,-6.1,-0.42507666666726224,6.4839999999996465,122,171
50.72313404083252,11.180339887498949,-6.1,-0.4228366666673152,6.488800000000625,122,171
50.74341130256653,11.40175425099138,-6.1,-0.3196866666674374,6.498100000000337,123,171
50.76414775848389,11.40175425099138,-6.1,-0.3129666666675963,6.502900000000222,123,171
50.78464221954346,11.40175425099138,-6.1,-0.30981666666771857,6.50770000000011,123,171
50.804956674575806,11.40175425099138,-6.1,-0.30645666666779803,6.516999999999822,123,171
50.82533407211304,11.40175425099138,-6.1,-0.2999466666672358,6.521499999999646,123,171
50.84545373916626,10.44030650891055,-6.0,-0.29658666666731526,6.531100000000511,123,170
50.86577033996582,10.44030650891055,-6.0,-0.2934366666674375,6.535600000000336,123,170
50.886096715927124,10.198039027185569,-6.0,-0.3889566666675435,6.540400000000223,122,170
50.906529664993286,10.198039027185569,-6.0,-0.386856666667625,6.54520000000011,122,170
50.926676750183105,9.219544457292887,-5.9,-0.38461666666767796,6.5544999999998215,122,169
50.946866273880005,9.219544457292887,-5.9,-0.38251666666775946,6.558999999999647,122,169
50.96738791465759,9.219544457292887,-5.9,-0.3780366666673561,6.563800000000624,122,169
50.987576484680176,9.219544457292887,-5.9,-0.3759366666674376,6.573100000000336,122,169
51.00765514373779,9.219544457292887,-5.9,-0.3736966666674905,6.5779000000002235,122,169
51.0280601978302,9.219544457292887,-5.9,-0.36935666666762496,6.582700000000109,122,169
51.04827117919922,9.219544457292887,-5.9,-0.3671166666676779,6.591999999999821,122,169
51.068392515182495,9.486832980505138,-5.9,-0.2639666666678001,6.596499999999647,123,169
51.08855390548706,9.486832980505138,-5.9,-0.2606066666671156,6.601300000000625,123,169
51.10927414894104,9.219544457292887,-5.9,-0.3562666666672501,6.610600000000336,122,169
51.12944746017456,9.219544457292887,-5.9,-0.35402666666730304,6.615400000000223,122,169
51.14993906021118,9.219544457292887,-5.9,-0.351786666667356,6.62020000000011,122,169
51.170443058013916,8.246211251235321,-5.8,-0.3474466666674904,6.629499999999822,122,168
51.19096279144287,8.246211251235321,-5.8,-0.3453466666675719,6.633999999999647,122,168
51.211601972579956,8.246211251235321,-5.8,-0.3431066666671156,6.638800000000625,122,168
51.2319438457489,8.246211251235321,-5.8,-0.33876666666725,6.648100000000337,122,168
51.25263810157776,8.246211251235321,-5.8,-0.33652666666730296,6.652900000000223,122,168
51.27318572998047,8.246211251235321,-5.8,-0.3342866666673559,6.65770000000011,122,168
51.293633460998535,8.246211251235321,-5.8,-0.32994666666749034,6.666999999999822,122,168
51.313849449157715,8.246211251235321,-5.8,-0.32784666666757184,6.6714999999996465,122,168
51.33396053314209,7.280109889280518,-5.7,-0.3256066666671155,6.676300000000625,122,167
51.354522466659546,7.280109889280518,-5.7,-0.32126666666724996,6.681100000000511,122,167
51.374650955200195,7.280109889280518,-5.7,-0.3190266666673029,6.685600000000337,122,167
51.39509606361389,7.280109889280518,-5.7,-0.31678666666735583,6.69520000000011,122,167
51.415403604507446,7.280109889280518,-5.7,-0.31468666666743733,6.699699999999935,122,167
51.435691356658936,6.082762530298219,-5.6,-0.41251666666750464,6.704499999999822,121,166
51.45622634887695,6.082762530298219,-5.6,-0.4113966666672765,6.713800000000624,121,166
51.476407051086426,5.0990195135927845,-5.5,-0.410276666667303,6.718600000000512,121,165
51.4968204498291,5.0990195135927845,-5.5,-0.4081066666673703,6.723100000000336,121,165
51.51707339286804,4.123105625617661,-5.4,-0.4069866666673968,6.73270000000011,121,164
51.537224769592285,4.123105625617661,-5.4,-0.40593666666743755,6.737199999999936,121,164
51.55739498138428,4.123105625617661,-5.4,-0.4037666666675048,6.7419999999998215,121,164
51.577595472335815,4.123105625617661,-5.4,-0.40264666666727666,6.751300000000625,121,164
51.59825801849365,4.123105625617661,-5.4,-0.4015266666673032,6.756100000000512,121,164
56.12603163719177,159.08802594790095,-18.35,-6.483666666666666,7.398000000000312,67,310
56.14631962776184,159.08802594790095,-18.51799999999603,-6.543026666665263,7.407600000000086,67,310
56.24830913543701,154.95160534825058,-17.983,-5.9943333333333335,6.226200000000237,71,307
56.268800497055054,154.95160534825058,-18.14763999999611,-6.049213333332036,7.43580000000001,71,307
56.289074182510376,154.95160534825058,-18.301989999990116,-6.100663333330039,7.440299999999835,71,307
56.30933117866516,154.3243337908834,-18.498809999980303,-6.329163333326678,7.445099999999722,70,306
56.32955455780029,154.3243337908834,-18.662330000013615,-6.385163333338086,7.4544000000005255,70,306
56.349762201309204,154.65122049308243,-18.825850000009748,-6.562283333336736,7.459200000000411,69,306
56.36987614631653,154.65122049308243,-19.14266999999993,-6.672953333333307,7.463700000000237,69,306
56.39039063453674,154.65122049308243,-19.306189999996064,-6.730073333331957,7.473300000000011,69,306
56.41103005409241,154.65122049308243,-19.459489999990115,-6.783623333329878,7.477799999999835,69,306
56.43155550956726,154.65122049308243,-19.62300999998625,-6.840743333328527,7.482599999999723,69,306
56.45217442512512,154.72879499304582,-19.817660000013426,-7.317923333338648,7.491900000000525,66,305
56.47243118286133,154.72879499304582,-19.980060000009587,-7.378403333337218,7.496700000000412,66,305
56.49258852005005,154.1460346554526,-20.011260000003723,-7.5561533333349775,7.501200000000237,65,304
56.51307010650635,154.1460346554526,-20.333819999996095,-7.679353333332064,7.51080000000001,65,304
56.5334210395813,152.64337522473747,-20.242919999990306,-7.858153333329782,7.515299999999836,64,302
56.5539710521698,152.64337522473747,-20.401959999986545,-7.920873333328299,7.520099999999722,64,302
56.57419753074646,152.64337522473747,-20.71010000001316,-8.042393333338795,6.323099999999606,64,302
56.594754695892334,152.64337522473747,-20.8691400000094,-8.105113333337313,6.326300000000258,64,302
56.61496877670288,152.64337522473747,-21.018240000003615,-8.16391333333503,6.332500000000066,64,302
56.635180950164795,150.41608956491322,-20.93503999999991,-8.105513333333572,6.33569999999999,65,300
56.65549445152283,150.41608956491322,-21.238839999990496,-8.224863333329875,6.3388999999999145,65,300
56.6760573387146,150.41608956491322,-21.395639999986788,-8.286463333328419,7.5481999999996265,65,300
56.696375370025635,150.41608956491322,-21.542639999981084,-8.344213333326177,7.552699999999451,65,300
56.71687865257263,148.92951352905172,-21.611760000008914,-8.589653333337473,7.557500000000429,64,298
56.73738884925842,148.92951352905172,-21.75666000000329,-8.64845333333519,7.566800000000141,64,298
56.757797718048096,148.92951352905172,-21.911219999999638,-8.711173333333708,6.370000000000065,64,298
56.778069496154785,148.92951352905172,-22.210679999990358,-8.832693333329942,6.37319999999999,64,298
56.79860711097717,148.92951352905172,-22.365239999986702,-8.89541333332846,6.376199999999873,64,298
56.81920671463013,147.07821048680188,-22.268039999981163,-8.954213333326178,6.382399999999681,64,296
56.83963465690613,147.07821048680188,-22.572680000008592,-9.079653333337474,6.385600000000333,64,296
56.859702348709106,146.15402833996743,-22.594430000003094,-9.138453333335192,6.391800000000141,64,295
56.879984617233276,146.15402833996743,-22.745629999999515,-9.201173333333708,6.395000000000065,64,295
56.90059185028076,145.23085071705668,-22.775709999995968,-9.263893333332225,6.3981999999999895,64,294
56.9208459854126,145.23085071705668,-23.066489999986956,-9.385413333328462,6.401199999999873,64,294
56.9410240650177,144.69968901141425,-22.96,-9.565263333326138,6.407399999999681,63,293
56.961084604263306,144.69968901141425,-22.96,-9.629103333339144,7.612200000000659,63,293
56.98146080970764,144.69968901141425,-22.96,-9.752793333335312,7.617000000000545,63,293
57.0016074180603,143.7810835958611,-22.84,-9.816633333333803,7.626300000000257,63,292
57.02216076850891,143.7810835958611,-22.84,-9.880473333332294,7.631100000000144,63,292
57.042439222335815,143.7810835958611,-22.84,-10.00416333332846,7.640399999999856,63,292
57.062819719314575,143.7810835958611,-22.84,-10.064013333326137,7.644899999999681,63,292
57.083094120025635,143.38758663147937,-22.84,-10.006733333338916,7.644899999999681,64,292
57.10357666015625,143.38758663147937,-22.84,-10.069453333337432,7.654500000000546,64,292
57.1239070892334,142.86357128393507,-22.72,-10.313143333333601,7.659000000000371,63,291
57.14418816566467,142.86357128393507,-22.72,-10.376983333332092,7.663800000000258,63,291
57.164536237716675,142.86357128393507,-22.72,-10.43683333332977,7.67309999999997,63,291
57.1847825050354,142.35167719419397,-22.6,-10.682693333325869,7.677899999999856,62,290
57.20512628555298,142.35167719419397,-22.6,-10.747653333339104,7.68720000000066,62,290
57.225425720214844,141.4390328021229,-22.479999999999997,-10.812613333337566,7.692000000000546,62,289
57.245590925216675,141.4390328021229,-22.479999999999997,-10.938473333333668,7.696500000000372,62,289
57.26620960235596,140.9432509913121,-22.36,-11.124553333332106,7.706100000000145,61,288
57.286569595336914,140.9432509913121,-22.36,-11.186503333329702,7.71059999999997,61,288
57.30662488937378,140.9432509913121,-22.36,-11.25258333332814,7.715399999999857,61,288
57.326844930648804,138.6542462386205,-22.0,-11.502783333339384,7.719899999999682,60,285
57.34735894203186,138.6542462386205,-22.0,-11.569983333337795,7.729500000000547,60,285
57.36742854118347,136.85393673548452,-21.759999999999998,-11.63298333333535,7.734000000000372,60,283
57.387961626052856,136.85393673548452,-21.759999999999998,-11.767383333332171,7.738800000000259,60,283
57.40804409980774,136.85028315644803,-21.64,-12.072483333329647,7.748099999999971,58,282
57.42834997177124,136.85028315644803,-21.64,-12.141923333328004,7.752899999999857,58,282
57.44880390167236,136.41847382227965,-21.52,-12.398633333339813,7.7573999999996825,57,281
57.46889328956604,136.41847382227965,-21.52,-12.469193333338144,7.7670000000005475,57,281
57.48908185958862,136.41847382227965,-21.52,-12.535343333335575,7.771500000000373,57,281
57.509209632873535,136.0,-21.4,-12.727023333333882,7.776300000000259,56,280
57.52932071685791,136.0,-21.4,-12.865903333329578,7.781100000000146,56,280
57.54975461959839,136.0,-21.4,-12.937583333327883,7.785599999999971,56,280
57.56983494758606,136.0,-21.4,-13.004783333325275,7.794899999999683,56,280
57.59032940864563,134.23859355639868,-21.16,-13.148143333338183,7.799700000000661,56,278
57.61093497276306,134.23859355639868,-21.16,-13.215343333335575,7.804500000000548,56,278
57.63133478164673,132.9699214108213,-20.92,-13.408143333333854,7.81380000000026,55,276
57.65185832977295,132.9699214108213,-20.92,-13.549193333329484,7.8186000000001465,55,276
57.6721830368042,132.9699214108213,-20.92,-13.621993333327763,7.823099999999972,55,276
57.69267797470093,132.09844813622905,-20.799999999999997,-13.690243333325114,7.832399999999684,55,275
57.71290135383606,132.09844813622905,-20.799999999999997,-13.763043333339947,7.837200000000662,55,275
57.733290672302246,130.0,-20.439999999999998,-14.02626333333551,7.8420000000005485,54,272
57.75386118888855,130.0,-20.439999999999998,-14.100183333333762,7.85130000000026,54,272
57.7741584777832,129.1394595001853,-20.32,-14.174103333332013,7.856100000000147,54,271
57.794339418411255,129.1394595001853,-20.32,-14.317323333327577,7.860599999999972,54,271
57.81480598449707,126.57013865837392,-19.96,-14.386623333324888,7.869899999999684,54,268
57.83544373512268,126.57013865837392,-19.96,-14.460543333339947,7.874700000000662,54,268
57.8555805683136,126.57013865837392,-19.96,-14.603763333335511,7.879500000000549,54,268
57.87647271156311,126.57013865837392,-19.96,-14.677683333333762,7.888800000000261,54,268
57.896923780441284,126.57013865837392,-19.96,-14.751603333332014,7.893600000000148,54,268
57.917601585388184,125.39936203984452,-19.72,-15.016993333327509,7.898099999999973,53,266
57.938244581222534,125.39936203984452,-19.72,-15.04,7.907399999999685,53,266
57.95832800865173,123.71337841963576,-19.48,-15.04,7.912200000000663,53,264
57.97903752326965,123.71337841963576,-19.48,-15.04,7.91700000000055,53,264
57.99945306777954,122.87391912037315,-19.36,-15.04,7.9263000000002615,53,263
58.019980907440186,122.87391912037315,-19.36,-15.04,7.931100000000148,53,263
58.040326833724976,122.87391912037315,-19.36,-15.04,7.935599999999973,53,263
58.06095051765442,122.87391912037315,-19.36,-15.04,7.944899999999685,53,263
58.08147311210632,122.87391912037315,-19.36,-15.04,7.9497000000006635,53,263
58.10178995132446,120.6731121667126,-18.88,-15.28,7.95450000000055,51,259
58.12235760688782,120.6731121667126,-18.88,-15.28,7.963800000000262,51,259
58.142549991607666,119.03780911962384,-18.64,-15.28,7.968600000000149,51,257
58.16285443305969,119.03780911962384,-18.64,-15.28,7.973099999999974,51,257
58.18353891372681,116.60617479361889,-18.28,-15.28,7.982399999999686,51,254
58.20423889160156,116.60617479361889,-18.28,-15.28,7.982399999999686,51,254
58.22455430030823,113.6001760562016,-17.92,-15.16,7.992000000000551,52,251
58.245055198669434,113.6001760562016,-17.92,-15.16,7.996500000000376,52,251
58.26514148712158,113.6001760562016,-17.92,-15.16,8.001300000000263,52,251
58.285659313201904,109.80892495603443,-17.439999999999998,-15.04,9.213699999999879,53,247
58.30618929862976,109.80892495603443,-17.439999999999998,-15.04,9.220099999999727,53,247
58.32646632194519,108.23123393919151,-17.2,-15.04,9.226099999999494,53,245
58.346604347229004,108.23123393919151,-17.2,-15.04,9.238900000000648,53,245
58.36676573753357,106.66770832824712,-16.96,-15.04,9.244900000000413,53,243
58.38726782798767,106.66770832824712,-16.96,-15.04,9.251300000000263,53,243
58.40765190124512,103.71113729971339,-16.6,-14.92,9.26369999999988,54,240
58.428152322769165,103.71113729971339,-16.6,-14.92,9.270099999999726,54,240
58.44840431213379,103.71113729971339,-16.6,-14.92,9.276099999999495,54,240
58.46861720085144,101.53324578678651,-16.36,-14.8,9.288900000000647,55,238
58.48909831047058,101.53324578678651,-16.36,-14.8,9.294900000000414,55,238
58.5096378326416,100.00499987500625,-16.119999999999997,-14.8,9.301300000000262,55,236
58.530267000198364,100.00499987500625,-16.119999999999997,-14.8,9.30770000000011,55,236
58.55036520957947,97.74456506629922,-15.76,-14.8,9.320099999999726,55,233
58.5705029964447,97.74456506629922,-15.76,-14.8,9.326099999999494,55,233
58.591065406799316,97.74456506629922,-15.76,-14.8,9.332500000000799,55,233
58.611263036727905,97.74456506629922,-15.76,-14.8,9.344900000000415,55,233
58.63185954093933,97.74456506629922,-15.76,-14.8,9.351300000000261,55,233
58.65219330787659,95.58765610684259,-15.52,-14.68,9.357700000000111,56,231
58.672377824783325,95.58765610684259,-15.52,-14.68,9.370099999999727,56,231
58.69253921508789,92.69843580125827,-15.16,-14.559999999999999,9.376099999999493,57,228
58.71277093887329,92.69843580125827,-15.16,-14.559999999999999,9.382500000000798,57,228
58.733346939086914,89.1403387922662,-14.8,-14.32,9.394900000000414,59,225
58.75441265106201,89.1403387922662,-14.8,-14.32,9.394900000000414,59,225
58.775405168533325,86.27861844049197,-14.44,-14.2,9.40770000000011,60,222
58.79568886756897,86.27861844049197,-14.44,-14.2,9.413699999999878,60,222
58.81598663330078,86.27861844049197,-14.44,-14.2,9.420099999999726,60,222
58.836586236953735,84.1486779456457,-14.2,-14.08,9.432500000000797,61,220
58.857019662857056,84.1486779456457,-14.2,-14.08,9.438900000000647,61,220
58.87761974334717,80.62257748298549,-13.719999999999999,-13.96,9.444900000000413,62,216
58.89781594276428,80.62257748298549,-13.719999999999999,-13.96,9.45770000000011,62,216
58.91868543624878,78.5175139698144,-13.48,-13.84,9.463699999999879,63,214
58.93879413604736,78.5175139698144,-13.48,-13.84,9.470099999999725,63,214
58.95906162261963,75.69015788066504,-13.24,-13.6,9.482500000000798,65,212
58.97938323020935,75.69015788066504,-13.24,-13.6,9.488900000000646,65,212
58.999861001968384,75.69015788066504,-13.24,-13.6,9.494900000000413,65,212
59.02002239227295,72.18032973047436,-12.879999999999999,-13.36,9.50770000000011,67,209
59.04049015045166,72.18032973047436,-12.879999999999999,-13.36,9.513699999999877,67,209
59.06096816062927,70.03570517957252,-12.76,-13.120000000000001,9.520099999999726,69,208
59.08110213279724,70.03570517957252,-12.76,-13.120000000000001,9.532500000000798,69,208
59.10150861740112,65.85590330410783,-12.28,-12.879999999999999,9.538900000000645,71,204
59.12171459197998,65.85590330410783,-12.28,-12.879999999999999,9.544900000000414,71,204
59.14234495162964,65.85590330410783,-12.28,-12.879999999999999,9.55770000000011,71,204
59.162503480911255,65.85590330410783,-12.28,-12.879999999999999,9.563699999999876,71,204
59.18267893791199,63.702433234531945,-12.16,-12.64,9.570099999999726,73,203
59.20272874832153,63.702433234531945,-12.16,-12.64,9.582500000000797,73,203
59.22300171852112,63.702433234531945,-12.16,-12.64,9.588900000000645,73,203
59.24318242073059,59.54829972383762,-11.68,-12.399999999999999,9.594900000000413,75,199
59.26344847679138,59.54829972383762,-11.68,-12.399999999999999,9.60770000000011,75,199
59.28402304649353,56.85068161420758,-11.32,-12.28,9.613699999999877,76,196
59.30464267730713,56.85068161420758,-11.32,-12.28,9.620099999999725,76,196
59.325148820877075,53.41348144429457,-10.96,-12.04,9.626099999999493,78,193
59.34577679634094,53.41348144429457,-10.96,-12.04,9.632500000000796,78,193
59.36597561836243,53.41348144429457,-10.96,-12.04,9.644900000000412,78,193
59.38631463050842,51.40038910358559,-10.719999999999999,-11.92,9.651300000000262,79,191
59.4064724445343,51.40038910358559,-10.719999999999999,-11.92,9.657700000000109,79,191
59.42695069313049,49.20365840057018,-10.6,-11.68,9.670099999999724,81,190
59.447548151016235,49.20365840057018,-10.6,-11.68,9.676099999999494,81,190
59.468108892440796,46.400431032480725,-10.36,-11.44,9.682500000000797,83,188
59.488189458847046,46.400431032480725,-10.36,-11.44,9.694900000000413,83,188
59.50856971740723,44.204072210600685,-10.24,-11.2,9.701300000000261,85,187
59.5289306640625,44.204072210600685,-10.24,-11.2,9.70770000000011,85,187
59.5492467880249,44.204072210600685,-10.24,-11.2,9.720099999999725,85,187
59.569613456726074,41.400483088968905,-10.0,-10.96,9.726099999999493,87,185
59.58990263938904,41.400483088968905,-10.0,-10.96,9.732500000000798,87,185
59.61029624938965,38.600518131237564,-9.76,-10.719999999999999,9.744900000000413,89,183
59.63049507141113,38.600518131237564,-9.76,-10.719999999999999,9.75130000000026,89,183
59.65072822570801,34.828149534535996,-9.64,-10.24,9.75770000000011,93,182
59.67087745666504,34.828149534535996,-9.64,-10.24,9.770099999999726,93,182
59.69128656387329,34.828149534535996,-9.64,-10.24,9.776099999999492,93,182
59.71184015274048,34.828149534535996,-9.64,-10.24,9.782500000000796,93,182
59.73223304748535,34.828149534535996,-9.64,-10.24,9.794900000000412,93,182
59.75272297859192,31.400636936215164,-9.28,-10.0,9.80130000000026,95,179
59.77291560173035,31.400636936215164,-9.28,-10.0,9.807700000000109,95,179
59.79313516616821,29.832867780352597,-1.9443333333333335,-2.353666666666667,9.813699999999876,97,179
59.813321590423584,29.832867780352597,-1.9642833333325593,-2.37781666666573,8.622999999999589,97,179
59.83371639251709,27.018512172212592,-1.7833233333364382,-2.2013366666705214,8.627800000000565,99,177
59.854026079177856,27.018512172212592,-1.802363333335988,-2.224856666669965,8.632600000000453,99,177
59.8743200302124,26.248809496813376,-1.839253333334845,-2.1682566666686203,8.641900000000165,100,177
59.89482355117798,26.248809496813376,-1.858293333334395,-2.1906566666680907,8.641900000000165,100,177
59.91494297981262,26.248809496813376,-1.8761433333337023,-2.2116566666672757,8.651199999999877,100,177
59.93515229225159,23.430749027719962,-1.7086933333326937,-2.050716666666066,8.655999999999764,102,175
59.95563197135925,23.430749027719962,-1.7254933333361162,-2.070876666670173,8.660499999999589,102,175
59.97576332092285,22.67156809750927,-1.7422933333357191,-1.9899166666697228,8.670100000000453,103,175
59.99595522880554,22.67156809750927,-1.7748433333347107,-2.02680666666858,8.674600000000279,103,175
60.01618456840515,20.518284528683193,-1.69052333333434,-1.8436066666681825,8.679400000000165,105,174
60.03663468360901,20.518284528683193,-1.7052233333337694,-1.8593566666675714,8.688699999999876,105,174
60.056973695755005,16.278820596099706,-1.4175433333334782,-1.5727966666672537,8.693499999999764,108,171
60.077316761016846,16.278820596099706,-1.44141333333554,-1.5988366666695029,8.697999999999588,108,171
60.097495794296265,13.45362404707371,-1.2514933333353013,-1.4100366666692379,8.707600000000454,110,169
60.11782264709473,13.45362404707371,-1.2609433333349347,-1.4205366666688304,8.71210000000028,110,169
60.13818001747131,13.45362404707371,-1.281103333334458,-1.4429366666683006,8.716900000000166,110,169
60.15850591659546,11.313708498984761,-1.189503333334132,-1.2513366666679748,8.726199999999878,112,168
60.17861223220825,11.313708498984761,-1.19846333333392,-1.2602966666677629,8.730999999999764,112,168
60.198723554611206,11.313708498984761,-1.2158233333354196,-1.2776566666692624,8.73549999999959,112,168
60.218958377838135,11.313708498984761,-1.2247833333352078,-1.2866166666690504,8.745100000000456,112,168
60.23922610282898,9.219544457292887,-1.0310833333349634,-1.1939666666687652,8.74960000000028,113,166
60.259445667266846,9.219544457292887,-1.0378033333348045,-1.2018066666685798,8.754400000000167,113,166
60.279890060424805,9.219544457292887,-1.050823333334401,-1.2169966666681094,8.759200000000053,113,166
60.30027508735657,7.810249675906654,-0.9564233333342684,-1.1237166666679506,8.76369999999988,114,165
60.320491552352905,7.810249675906654,-0.9616733333340648,-1.1300166666677058,8.772999999999591,114,165
60.340710401535034,5.830951894845301,-0.7683933333346699,-1.0412166666687144,8.777800000000568,115,163
60.36083483695984,5.830951894845301,-0.7715433333345476,-1.0464666666685105,8.782600000000455,115,163
60.381022691726685,3.605551275463989,-0.6737833333344946,-0.8498266666684311,8.791900000000167,117,162
60.401607036590576,3.605551275463989,-0.6781233333343601,-0.8563366666682294,8.796700000000055,117,162
60.42206954956055,3.1622776601683795,-0.5792433333343336,-0.8596966666681499,8.801199999999879,117,161
60.44265341758728,3.1622776601683795,-0.5802933333342929,-0.8628466666680277,8.81049999999959,117,161
60.46311664581299,2.0,-0.4802933333342929,-0.7650866666684839,8.815300000000569,118,160
60.48406219482422,2.0,-0.4802933333342929,-0.7694266666683496,8.820100000000455,118,160
60.50428915023804,2.0,-0.4802933333342929,-0.7716666666682965,8.829400000000167,118,160
60.524510860443115,1.0,-0.4802933333342929,-0.67278666666827,8.834200000000054,119,160
60.54480266571045,1.0,-0.4802933333342929,-0.6749566666682028,8.838699999999879,119,160
60.565370082855225,1.0,-0.3792433333343337,-0.5749566666682028,8.84799999999959,120,159
60.585899114608765,1.0,-0.3781233333341055,-0.5749566666682028,8.85280000000057,120,159
60.60631728172302,3.605551275463989,-0.27378333333423993,-0.8814666666680011,7.656000000000494,117,158
60.62651801109314,3.605551275463989,-0.2715433333342929,-0.8848266666679216,7.662200000000302,117,158
60.64699053764343,3.605551275463989,-0.2693033333343459,-0.8881866666678422,7.665400000000226,117,158
60.667319536209106,14.560219778561036,-0.06062333333461484,-2.018566666666901,7.66840000000011,106,156
60.68748474121094,14.560219778561036,-0.056423333334777837,-2.033266666666331,10.077599999999801,106,156
60.70787453651428,22.20360331117452,-0.15306333333409328,-2.857906666671351,10.084000000001105,98,157
60.72840118408203,22.20360331117452,-0.14970333333417274,-2.882546666670768,10.090400000000955,98,157
60.74885368347168,22.02271554554524,-0.34753333333423997,-2.930286666669289,10.10280000000057,98,159
60.769389390945435,22.02271554554524,-0.3464133333342665,-2.9549266666687064,10.109200000000417,98,159
60.790135622024536,22.02271554554524,-0.34536333333430724,-2.9780266666678097,10.115200000000186,98,159
60.81077742576599,22.02271554554524,-0.3431933333343744,-3.025766666666331,10.127599999999802,98,159
60.83106875419617,22.02271554554524,-0.34207333333414625,-3.0504066666713507,10.134000000001105,98,159
60.851494550704956,19.0,-0.4420733333341463,-2.7716866666708473,10.140400000000954,101,160
60.87203645706177,19.0,-0.4420733333341463,-2.81291666666957,10.146400000000721,101,160
60.8922336101532,16.0312195418814,-0.5431933333341198,-2.5308366666691464,10.15280000000057,104,161
60.91248965263367,16.0312195418814,-0.544243333334079,-2.5476366666684944,11.36830000000009,104,161
60.93265724182129,12.041594578792296,-0.5464133333340119,-2.1736766666676877,11.376299999999901,108,161
60.95327925682068,12.041594578792296,-0.54753333333424,-2.187116666670426,11.38379999999961,108,161
60.973592042922974,8.06225774829855,-0.5486533333342135,-1.796076666670214,11.39980000000105,112,161
60.994030475616455,8.06225774829855,-0.5497033333341728,-1.804476666669888,10.205800000000817,112,161
61.01412510871887,4.123105625617661,-0.5519433333341198,-1.4134366666696758,10.212200000000665,116,161
61.03472423553467,4.123105625617661,-0.5529933333340791,-1.4176366666695128,10.224600000000281,116,161
61.05485248565674,4.123105625617661,-0.5541133333340525,-1.4221166666694072,10.23100000000013,116,161
61.07510209083557,1.4142135623730951,-0.55628333333424,-0.9199466666692196,10.236999999999897,121,161
61.09532427787781,1.4142135623730951,-0.5574033333342135,-0.9188266666692461,6.645000000001164,121,161
61.11591696739197,6.082762530298219,-0.5584533333341728,-0.41252666666949045,6.646500000001105,126,161
61.13614010810852,6.082762530298219,-0.5606933333341197,-0.3990866666698083,6.648100000001068,126,161
61.15622925758362,13.038404810405298,-0.561743333334079,0.314563333329662,6.651200000000972,133,161
61.176480293273926,13.038404810405298,-0.5628633333340526,0.32912333332931776,6.652800000000934,133,161
61.1968777179718,13.038404810405298,-0.5639133333340118,0.3427733333287881,6.654300000000876,133,161
61.2173056602478,19.1049731745428,-0.6683933333344152,0.9853333333326203,6.657500000001164,139,162
61.23761248588562,19.1049731745428,-0.6704933333343337,1.005283333331846,6.659000000001106,139,162
61.25779843330383,24.186773244895647,-0.7738533333342543,1.5321633333312108,6.660600000001068,144,163
61.27839112281799,24.186773244895647,-0.7803633333340525,1.5842433333295973,6.663700000000972,144,163
61.29886198043823,25.079872407968907,-0.6826033333339996,1.7122433333289349,6.665300000000935,145,162
61.31902527809143,25.079872407968907,-0.6847033333339181,1.7384933333279162,6.666800000000876,145,162
61.33943200111389,25.079872407968907,-0.6891833333343214,1.7944933333329585,6.668400000001202,145,162
61.35995864868164,25.079872407968907,-0.6912833333342399,1.8207433333319398,6.670000000001164,145,162
61.380369663238525,25.079872407968907,-0.6935233333341869,1.8487433333312777,6.673100000001068,145,162
61.400835275650024,34.132096331752024,-0.367,4.1593333333333335,9.077900000000955,154,163
61.42121410369873,34.132096331752024,-0.3735099999997983,4.233113333331048,9.08240000000078,154,163
61.44167494773865,43.18564576337837,-0.49770999999963533,5.358263333329296,9.091700000000491,163,164
61.46221423149109,43.18564576337837,-0.502190000000548,5.406423333339107,9.09650000000147,163,164
61.48265361785889,58.215118311311535,-0.6330400000002119,7.332283333335208,9.101300000001356,178,165
61.502798318862915,58.215118311311535,-0.6386400000000795,7.397243333333671,7.907500000001164,178,165
61.52286982536316,76.16429609731846,-0.644239999999947,9.642363333331659,7.910700000001089,196,165
61.54320406913757,76.16429609731846,-0.6550899999996108,9.807283333326549,7.913700000000972,196,165
61.563326358795166,76.16429609731846,-0.6603399999994072,9.887083333323451,7.916900000000897,196,165
61.58383631706238,94.19129471453293,-0.7870600000007761,12.152363333344901,7.9231000000014316,214,166
61.60425591468811,94.19129471453293,-0.8000800000003728,12.35634333333858,7.926300000001357,214,166
61.62461185455322,103.23759005323593,-0.9279200000001874,13.551703333335853,7.9293000000012395,223,167
61.64516592025757,103.23759005323593,-0.935760000000002,13.667063333333125,7.935700000001088,223,167
